Kiwi name,Scout 2017,FPL 2017,Scout 2018,FPL 2018,Scout 2019,FPL 2019,Scout 2020,FPL 2020,fbref 2020
M Aarons,,,,,Aarons (Maximillian),Maximillian_Aarons_274,Aarons (Maximillian),,
R Aarons,Aarons,Rolando_Aarons,,,,Rolando_Aarons_499,Aarons,Rolando_Aarons_337,
Abraham,Abraham,Tammy_Abraham,,Tammy_Abraham_496,Abraham,Tammy_Abraham_460,Abraham,Tammy_Abraham_118,Tammy Abraham
Adam,Adam,Charlie_Adam,,,,,Adam,,
Adams,,,,,Adams,Che_Adams_437,Adams,Che_Adams_377,Che Adams
Adarabioyo,,,,,,,Tosin Adarabioyo,Tosin_Adarabioyo_572,Tosin Adarabioyo
Adomah,,,,,,,Adomah,,
Adrian,Adri·n,Adri·n_San Miguel del Castillo,,Adri·n_San Miguel del Castillo_399,Adri·n,Adri√°n_San Miguel del Castillo_526,Adri·n,Adri·n_San Miguel del Castillo_245,Adri·n
Afellay,Afellay,Ibrahim_Afellay,,,,,Afellay,,
Afobe,Afobe,Benik_Afobe,,,,,Afobe,,
Aguero,Aguero,Sergio_Ag¸ero,Aguero,Sergio_Ag¸ero_280,Aguero,Sergio_Ag√ºero_210,Aguero,Sergio_Ag¸ero_268,Sergio Ag¸ero
Agyei,,,,,,,Agyei,,
Aina,,,,,,,Aina,Ola_Aina_562,Ola Aina
Ait-Nouri,,,,,,,Ait Nouri,Rayan_Ait Nouri_563,Rayan AÔt Nouri
Ajayi,,,,,,,Ajayi,Oluwasemilogo Adesewo Ibidapo_Ajayi_419,Semi Ajayi
Ajeti,,,,,Ajeti,Albian_Ajeti_514,Ajeti,Albian_Ajeti_447,
Ake,AkÈ,Nathan_AkÈ,AkÈ,Nathan_AkÈ_31,AkÈ,Nathan_Ak√©_59,AkÈ,Nathan_AkÈ_279,Nathan AkÈ
Albrighton,Albrighton,Marc_Albrighton,Albrighton,Marc_Albrighton_224,Albrighton,Marc_Albrighton_174,Albrighton,Marc_Albrighton_221,Marc Albrighton
Alderweireld,Alderweireld,Toby_Alderweireld,Alderweireld,Toby_Alderweireld_353,Alderweireld,Toby_Alderweireld_331,Alderweireld,Toby_Alderweireld_386,Toby Alderweireld
Alioski,,,,,,,Alioski,Ezgjan_Alioski_201,Ezgjan Alioski
Alisson,,,Alisson,Alisson_Ramses Becker_468,Alisson,Alisson_Ramses Becker_189,Alisson,Alisson_Ramses Becker_252,Alisson
Allan,,,,,,,Allan,Allan_Marques Loureiro_502,Allan
Allen,Allen,Joe_Allen,,,,,Allen,,
Alli,Alli,Bamidele_Alli,Alli,Bamidele_Alli_365,Alli,Bamidele_Alli_344,Alli,Bamidele_Alli_394,Dele Alli
Mac Allister,,,,,Alexis Mac Allister,Alexis_Mac Allister_627,Alexis Mac Allister,Alexis_Mac Allister_80,Alexis Mac Allister
Allsopp,,,,,,,Allsopp,,
Almiron,,,AlmirÛn,Miguel_AlmirÛn_587,AlmirÛn,Miguel_Almir√≥n_266,AlmirÛn,Miguel_AlmirÛn_339,Miguel AlmirÛn
Alonso,Alonso,Marcos_Alonso,Alonso,Marcos_Alonso_115,Alonso,Marcos_Alonso_103,Alonso,Marcos_Alonso_104,Marcos Alonso
Alzate,,,,,Alzate,Steven_Alzate_537,Alzate,Steven_Alzate_79,Steven Alzate
Amadou,,,,,Amadou,Ibrahim_Amadou_507,Amadou,,
Amartey,Amartey,Daniel_Amartey,Amartey,Daniel_Amartey_226,,Daniel_Amartey_178,Amartey,Daniel_Amartey_227,Daniel Amartey
Amat,,,,,,,Amat,,
Amos,,,Amos,Luke_Amos_523,,Luke_Amos_351,Amos,,
Ampadu,Ampadu,Ethan_Ampadu,,Ethan_Ampadu_130,,Ethan_Ampadu_121,Ampadu,Ethan_Ampadu_509,Ethan Ampadu
Amrabat,Amrabat,Nordin_Amrabat,,,,,Amrabat,,
Andersen,,,,,,,Andersen,Joachim_Andersen_571,Joachim Andersen
E Anderson,,,,,,,Anderson,Elliot_Anderson_602,Elliot Anderson
F Anderson,,,Felipe Anderson,Felipe Anderson_Pereira Gomes_465,Felipe Anderson,Felipe Anderson_Pereira Gomes_390,Felipe Anderson,Felipe Anderson_Pereira Gomes_440,Felipe Anderson
Andone,,,Andone,Florin_Andone_66,Andone,Florin_Andone_46,Andone,Florin_Andone_64,
Angelino,,,,,Angelino,Jos√© √Ångel_Esmor√≠s Tasende_440,Angelino,,
Anguissa,,,Zambo Anguissa,AndrÈ-Frank_Zambo Anguissa_512,,,Zambo Anguissa,AndrÈ-Frank_Zambo Anguissa_191,Andre-Frank Zambo Anguissa
Anichebe,,,,,,,Anichebe,,
Anjorin,,,,,Anjorin,Faustino_Anjorin_630,Anjorin,Faustino_Anjorin_605,
Antonio,Antonio,Michail_Antonio,Antonio,Michail_Antonio_415,Antonio,Michail_Antonio_389,Antonio,Michail_Antonio_437,Michail Antonio
Anya,,,,,,,Anya,,
Arbeloa,,,,,,,Arbeloa,,
Areola,,,,,,,Areola,Alphonse_Areola_516,Alphonse Areola
Arfield,Arfield,Scott_Arfield,,,,,Arfield,,
Armstrong,,,Armstrong (Stuart),Stuart_Armstrong_345,Armstrong,Stuart_Armstrong_323,Armstrong,Stuart_Armstrong_368,Stuart Armstrong
Arnautovic,Arnautovic,Marko_Arnautovic,Arnautovic,Marko_Arnautovic_417,,Marko_Arnautovic_385,Arnautovic,,
Arter,Arter,Harry_Arter,Arter,Harry_Arter_33,,,Arter,,
Asoro,,,,,,,Asoro,,
Atsu,Atsu,Christian_Atsu,Atsu,Christian_Atsu_320,Atsu,Christian_Atsu_267,Atsu,Christian_Atsu_330,
Aubameyang,Aubameyang,Pierre-Emerick_Aubameyang,Aubameyang,Pierre-Emerick_Aubameyang_23,Aubameyang,Pierre-Emerick_Aubameyang_11,Aubameyang,Pierre-Emerick_Aubameyang_4,Pierre-Emerick Aubameyang
Aurier,Aurier,Serge_Aurier,Aurier,Serge_Aurier_360,Aurier,Serge_Aurier_336,Aurier,Serge_Aurier_389,Serge Aurier
Austin,Austin (Charlie),Charlie_Austin,Austin (Charlie),Charlie_Austin_348,,Charlie_Austin_312,Austin (Charlie),Charlie_Austin_415,Charlie Austin
Ayala,,,,,,,Ayala,,
A Ayew,Ayew,AndrÈ_Ayew,,,,,Ayew,,
J Ayew,Jordan Ayew,Jordan_Ayew,Jordan Ayew,Jordan_Ayew_505,Jordan Ayew,Jordan_Ayew_468,Jordan Ayew,Jordan_Ayew_140,Jordan Ayew
Ayite,,,Floyd AyitÈ,Floyd_AyitÈ_186,,,Floyd AyitÈ,,
Ayling,,,,,,,Ayling,Luke_Ayling_197,Luke Ayling
Azpilicueta,Azpilicueta,CÈsar_Azpilicueta,Azpilicueta,CÈsar_Azpilicueta_113,Azpilicueta,C√©sar_Azpilicueta_105,Azpilicueta,CÈsar_Azpilicueta_102,CÈsar Azpilicueta
Babel,,,Babel,Ryan_Babel_575,,,Babel,,
J Bacuna,,,Bacuna (Juninho),Juninho_Bacuna_208,,,Bacuna (Juninho),,
L Bacuna,,,Bacuna (Leandro),Leandro_Bacuna_589,,,Bacuna (Leandro),,
Bailly,Bailly,Eric_Bailly,Bailly,Eric_Bailly_291,Bailly,Eric_Bailly_228,Bailly,Eric_Bailly_310,Eric Bailly
Baines,Baines,Leighton_Baines,Baines,Leighton_Baines_156,Baines,Leighton_Baines_145,Baines,,
Bakayoko,Bakayoko,TiemouÈ_Bakayoko,,TiemouÈ_Bakayoko_129,,,Bakayoko,,
Balbuena,,,Balbuena,Fabi·n_Balbuena_464,Balbuena,Fabi√°n_Balbuena_382,Balbuena,Fabi·n_Balbuena_443,Fabi·n Balbuena
G Baldock,,,,,Baldock,George_Baldock_294,Baldock,George_Baldock_351,George Baldock
S Baldock,Baldock,Sam_Baldock,,Sam_Baldock_64,,,S Baldock,,
Bale,,,,,,,Bale,Gareth_Bale_543,Gareth Bale
Balogun,,,Balogun,Leon_Balogun_54,,Leon_Balogun_40,Balogun,,
Bamba,,,Sol Bamba,Sol_Bamba_91,,,Sol Bamba,,
Bamford,,,,,,,Bamford,Patrick_Bamford_202,Patrick Bamford
Baningime,Baningime,Beni_Baningime,,Beni_Baningime_174,,Beni_Baningime_557,Baningime,,
Bardsley,Bardsley,Phil_Bardsley,Bardsley,Phil_Bardsley_75,Bardsley,Phil_Bardsley_86,Bardsley,Phil_Bardsley_82,Phil Bardsley
Barkley,Barkley,Ross_Barkley,Barkley,Ross_Barkley_127,Barkley,Ross_Barkley_117,Barkley,Ross_Barkley_106,Ross Barkley
A Barnes,Barnes (Ashley),Ashley_Barnes,Barnes (Ashley),Ashley_Barnes_85,Barnes (Ashley),Ashley_Barnes_90,Barnes (Ashley),Ashley_Barnes_87,Ashley Barnes
H Barnes,Barnes (Harvey),Harvey_Barnes,Barnes (Harvey),Harvey_Barnes_571,Barnes (Harvey),Harvey_Barnes_172,Barnes (Harvey),Harvey_Barnes_235,Harvey Barnes
Barragan,,,,,,,Barragan,,
Barreca,,,Barreca,Antonio_Barreca_588,,,Barreca,,
Barrow,,Modou_Barrow,,,,,Barrow,,
Barry,Barry,Gareth_Barry,,,,,Barry,Barry_Douglas_196,
Bartley,Bartley,Kyle_Bartley,,,,,Bartley,Kyle_Bartley_412,Kyle Bartley
Barton,,,,,,,Barton,,
Basham,,,,,Basham,Chris_Basham_423,Basham,Chris_Basham_345,Chris Basham
Baston,,,,,Baston,Borja_Gonz√°lez Tom√°s_623,Baston,,
Batshuayi,Batshuayi,Michy_Batshuayi,Batshuayi,Michy_Batshuayi_592,Batshuayi,Michy_Batshuayi_461,Batshuayi,Michy_Batshuayi_108,Michy Batshuayi
Bauer,Bauer,Moritz_Bauer,,,,,Bauer,,
Bednarek,Bednarek,Jan_Bednarek,Bednarek,Jan_Bednarek_335,Bednarek,Jan_Bednarek_307,Bednarek,Jan_Bednarek_376,Jan Bednarek
Begovic,Begovic,Asmir_Begovic,Begovic,Asmir_Begovic_24,,Asmir_Begovic_72,Begovic,,
Behrami,,Valon_Behrami,,,,,Behrami,,
Bellerin,BellerÌn,HÈctor_BellerÌn,BellerÌn,HÈctor_BellerÌn_4,BellerÌn,H√©ctor_Beller√≠n_2,BellerÌn,HÈctor_BellerÌn_11,HÈctor BellerÌn
Benalouane,Benalouane,Yohan_Benalouane,,Yohan_Benalouane_218,,,Benalouane,,
Benkovic,,,,Filip_Benkovic_501,,Filip_Benkovic_597,Benkovic,Filip_Benkovic_237,
J Bennett,,,Bennett (Joe),Joe_Bennett_94,,,Bennett (Joe),,
R Bennett,,,R Bennett,Ryan_Bennett_427,R Bennett,Ryan_Bennett_404,R Bennett,Ryan_Bennett_456,
Benrahma,,,,,,,Benrahma,SaÔd_Benrahma_587,SaÔd Benrahma
Benson,,,,,,,Benson,Josh_Benson_535,Josh Benson
Bentaleb,,,,,Bentaleb,Nabil_Bentaleb_612,Bentaleb,,
C Benteke,Benteke (Christian),Christian_Benteke,Benteke,Christian_Benteke_152,Benteke,Christian_Benteke_129,Benteke,Christian_Benteke_132,Christian Benteke
J Benteke,,,,,,,J Benteke,,
Berahino,Berahino,Saido_Berahino,,,,,Berahino,,
Berge,,,,,Berge,Sander_Berge_621,Berge,Sander_Berge_360,Sander Berge
Bergwijn,,,,,Bergwijn,Steven_Bergwijn_615,Bergwijn,Steven_Bergwijn_400,Steven Bergwijn
Bernard,,,Bernard,Bernard_AnÌcio Caldeira Duarte_507,Bernard,Bernard_An√≠cio Caldeira Duarte_152,Bernard,Bernard_AnÌcio Caldeira Duarte_154,Bernard
Bernardo,,,Bernardo,Bernardo_Fernandes da Silva Junior_440,Bernardo,Bernardo_Fernandes da Silva Junior_39,Bernardo,Bernardo_Fernandes da Silva Junior_75,Bernardo
Bertrand,Bertrand,Ryan_Bertrand,Bertrand,Ryan_Bertrand_330,Bertrand,Ryan_Bertrand_305,Bertrand,Ryan_Bertrand_362,Ryan Bertrand
Besic,Besic,Muhamed_Besic,,,Besic,Muhamed_Be≈°iƒá_522,Besic,,
Bettinelli,,,Bettinelli,Marcus_Bettinelli_178,,,Bettinelli,Marcus_Bettinelli_183,
Billing,Billing,Philip_Billing,Billing,Philip_Billing_202,Billing,Philip_Billing_476,Billing,,
Bissouma,,,Bissouma,Yves_Bissouma_466,Bissouma,Yves_Bissouma_53,Bissouma,Yves_Bissouma_76,Yves Bissouma
Blind,Blind,Daley_Blind,,Daley_Blind_290,,,Blind,,
Boga,Boga,Jeremie_Boga,,,,,Boga,,
Bogle,,,,,,,Bogle,Jayden_Bogle_510,Jayden Bogle
Bojan,Bojan,Bojan_Krkic Perez,,,,,Bojan,,
Bolasie,Bolasie,Yannick_Bolasie,,Yannick_Bolasie_165,,,Bolasie,,
Boly,,,Boly,Willy_Boly_423,Boly,Willy_Boly_405,Boly,Willy_Boly_458,Willy Boly
Bonatini,,,LÈo Bonatini,Bonatini Lohner Maia_Bonatini_438,,,LÈo Bonatini,LÈo_Bonatini_463,
Bong,Bong,GaÎtan_Bong,Bong,GaÎtan_Bong_51,Bong,Ga√´tan_Bong_41,Bong,,
Bony,Bony,Wilfried_Bony,,,,,Bony,,
Borini,,,,,,,Borini,,
Boruc,,Artur_Boruc,Boruc,Artur_Boruc_25,,Artur_Boruc_73,Boruc,,
Boufal,Boufal,Sofiane_Boufal,,Sofiane_Boufal_341,Boufal,Sofiane_Boufal_508,Boufal,Sofiane_Boufal_372,
Bowen,,,,,Bowen,Jarrod_Bowen_626,Bowen,Jarrod_Bowen_445,Jarrod Bowen
Boyd,,,,,,,Boyd,,
Brady,Brady,Robbie_Brady,Brady,Robbie_Brady_79,Brady,Robbie_Brady_98,Brady,Robbie_Brady_95,Robbie Brady
Branthwaite,,,,,Branthwaite,Jarrad_Branthwaite_637,Branthwaite,Jarrad_Branthwaite_170,
Bravo,Bravo,Claudio_Bravo,,Claudio_Bravo_261,Bravo,Claudio_Bravo_213,Bravo,Claudio_Bravo_267,
Bree,,,,,,,Bree,James_Bree_43,
Brewster,,,,,,Rhian_Brewster_464,Brewster,Rhian_Brewster_262,Rhian Brewster
Britos,Britos,Miguel_Britos,Britos,Miguel_Britos_379,,,Britos,,
Britton,Britton,Leon_Britton,,,,,Britton,,
Broja,,,,,Broja,Armando_Broja_631,Broja,,
Brooks,,,Brooks,David_Brooks_42,Brooks,David_Brooks_76,Brooks,,
Brown,Brown (Isaiah),Isaiah_Brown,,,,,Brown (Isaiah),,
Brownhill,,,,,Brownhill,Josh_Brownhill_620,Brownhill,Josh_Brownhill_98,Josh Brownhill
Bruno,Bruno,Bruno_Saltor Grau,Bruno,Bruno_Saltor Grau_50,,,Bruno,,
Brunt,Brunt,Chris_Brunt,,,,,Brunt,Zak_Brunt_657,
J Bryan,,,Bryan,Joe_Bryan_510,,,Bryan (Joe),Joe_Bryan_182,Joe Bryan
K Bryan,,,,,,,Bryan (Kean),Kean_Bryan_603,Kean Bryan
Buendia,,,,,BuendÌa,Emiliano_Buend√≠a_283,BuendÌa,,
Burke,Oliver Burke,Oliver_Burke,,,,,Oliver Burke,Oliver_Burke_424,Oliver Burke
Burn,,,,Dan_Burn_582,Burn,Dan_Burn_475,Burn,Dan_Burn_61,Dan Burn
Butland,Butland,Jack_Butland,,,,,Butland,Jack_Butland_586,
Button,,,Button,David_Button_179,,David_Button_48,Button,David_Button_56,David Button
Buur,,,,,,Oskar_Buur_587,Buur,Oskar_Buur_467,Oskar Buur
Byram,Byram,Sam_Byram,,Sam_Byram_404,Byram,Sam_Byram_454,Byram,,
Caballero,Caballero,Willy_Caballero,Caballero,Willy_Caballero_112,Caballero,Willy_Caballero_112,Caballero,Willy_Caballero_101,Willy Caballero
Cabaye,Cabaye,Yohan_Cabaye,,,,,Cabaye,,
Caceres,,,,,,,Caceres,,
Cahill,Cahill,Gary_Cahill,Cahill,Gary_Cahill_114,Cahill,Gary_Cahill_503,Cahill,Gary_Cahill_125,Gary Cahill
Caicedo,,,,,,,Caicedo,MoisÈs_Caicedo_664,MoisÈs Caicedo
Cairney,,,Cairney,Tom_Cairney_182,,,Cairney,Tom_Cairney_175,Tom Cairney
Calleri,,,,,,,Calleri,,
Calvert-Lewin,Calvert-Lewin,Dominic_Calvert-Lewin,Calvert-Lewin,Dominic_Calvert-Lewin_175,Calvert-Lewin,Dominic_Calvert-Lewin_147,Calvert-Lewin,Dominic_Calvert-Lewin_164,Dominic Calvert-Lewin
Camacho,,Rafael_Camacho,Camacho,Rafael_Camacho_557,,Rafael_Camacho_201,Camacho,,
Camarasa,,,Camarasa,VÌctor_Camarasa_504,Camarasa,V√≠ctor_Camarasa_510,Camarasa,,
Cameron,Cameron,Geoff_Cameron,,,,,Cameron,Cameron_Carter-Vickers_521,
Campana,,,,,,Leonardo_Campana_652,Campana,Leonardo_Campana_476,
F Campbell,,,,,,,F Campbell,,
T Campbell,Campbell (Tyrese),Tyrese_Campbell,,,,,Campbell (Tyrese),,
Can,Can,Emre_Can,,,,,Can,,
Cancelo,,,,,Jo„o Cancelo,Jo√£o Pedro Cavaco_Cancelo_518,Jo„o Cancelo,Jo„o Pedro Cavaco_Cancelo_277,Jo„o Cancelo
Cantwell,,,,,Cantwell,Todd_Cantwell_287,Cantwell,,
Capoue,Capoue,Etienne_Capoue,Capoue,Etienne_Capoue_389,Capoue,Etienne_Capoue_373,Capoue,,
Cargill,,,,,,,Cargill,,
Carrick,Carrick,Michael_Carrick,,,,,Carrick,,
A Carrillo,Carrillo (AndrÈ),AndrÈ_Carrillo,,,,,Carrillo (AndrÈ),,
G Carrillo,Carrillo (Guido),Guido_Carrillo,,Guido_Carrillo_350,,,Carrillo (Guido),,
A Carroll,Carroll (Andy),Andy_Carroll,Carroll,Andy_Carroll_418,Carroll,Andy_Carroll_520,Carroll,Andy_Carroll_320,Andy Carroll
T Carroll,Carroll (Thomas),Tom_Carroll,,,,,Carroll (Thomas),,
Casey,,,,,,,Casey,Oliver_Casey_215,
Cash,,,,,,,Cash,Matthew_Cash_496,Matty Cash
Casilla,,,,,,,Kiko Casilla,Francisco_Casilla CortÈs_194,Kiko Casilla
Castagne,,,,,,,Castagne,Timothy_Castagne_498,Timothy Castagne
Castro,,,,,,,Castro,,
Cathcart,Cathcart,Craig_Cathcart,Cathcart,Craig_Cathcart_376,Cathcart,Craig_Cathcart_358,Cathcart,,
Cattermole,,,,,,,Cattermole,,
Cavaleiro,,,Cavaleiro,Ivan_Cavaleiro_434,,Ivan_Cavaleiro_419,Cavaleiro,Ivan Ricardo_Neves Abreu Cavaleiro_187,Ivan Cavaleiro
Cavani,,,,,,,Cavani,Edinson_Cavani_569,Edinson Cavani
Cazorla,,Santiago_Cazorla,,,,,Cazorla,,
Ceballos,,,,,Dani Ceballos,Daniel_Ceballos Fern√°ndez_469,Dani Ceballos,Daniel_Ceballos Fern·ndez_501,Dani Ceballos
Cech,Cech,Petr_Cech,Cech,Petr_Cech_1,,,Cech,,
Cedric,Cedric,CÈdric_Soares,Cedric,CÈdric_Soares_332,Cedric,C√©dric_Soares_486,Cedric,CÈdric_Soares_5,CÈdric Soares
Lo Celso,,,,,Lo Celso,Giovani_Lo Celso_523,Lo Celso,Giovani_Lo Celso_403,Giovani Lo Celso
Chadli,Chadli,Nacer_Chadli,,,,,Chadli,,
Chalobah,Chalobah (Nathaniel),Nathaniel_Chalobah,Chalobah (Nathaniel),Nathaniel_Chalobah_387,Chalobah (Nathaniel),Nathaniel_Chalobah_374,Chalobah (Nathaniel),,
Chambers,Chambers,Calum_Chambers,Chambers,Calum_Chambers_9,Chambers,Calum_Chambers_467,Chambers,Calum_Chambers_13,Calum Chambers
Chicharito,Hern·ndez,Javier_Hern·ndez Balc·zar,Hern·ndez,Javier_Hern·ndez Balc·zar_419,Hern·ndez (Javier),Javier_Hern√°ndez Balc√°zar_386,Hern·ndez (Javier),,
Chilwell,Chilwell,Benjamin_Chilwell,Chilwell,Benjamin_Chilwell_219,Chilwell,Benjamin_Chilwell_161,Chilwell,Benjamin_Chilwell_232,Ben Chilwell
Chong,,,Chong,Tahith_Chong_603,Chong,Tahith_Chong_249,Chong,Tahith_Chong_316,
Choudhury,Choudhury,Hamza_Choudhury,Choudhury,Hamza_Choudhury_230,Choudhury,Hamza_Choudhury_180,Choudhury,Hamza_Choudhury_234,Hamza Choudhury
Choupo-Moting,Choupo-Moting,Eric Maxim_Choupo-Moting,,,,,Choupo-Moting,,
Christensen,Christensen,Andreas_Christensen,Christensen,Andreas_Christensen_119,Christensen,Andreas_Christensen_108,Christensen,Andreas_Christensen_116,Andreas Christensen
Christie,,,Christie,Cyrus_Christie_460,,,Christie,Cyrus_Christie_179,
Cisse,,,CissÈ,Ibrahima_CissÈ_521,,,CissÈ,,
Clark,Clark,Ciaran_Clark,Clark,Ciaran_Clark_311,Clark (Ciaran),Ciaran_Clark_259,Clark,Ciaran_Clark_324,Ciaran Clark
Clarke,,,,,Clarke (Leon),Leon_Clarke_547,Clarke (Leon),Matthew_Clarke_73,
Clasie,,Jordy_Clasie,,,,,Clasie,,
Clayton,,,,,,,Clayton,,
Cleverley,Cleverley,Tom_Cleverley,Cleverley,Tom_Cleverley_388,Cleverley,Tom_Cleverley_371,Cleverley,,
Clichy,,,,,,,Clichy,,
Clucas,Clucas,Sam_Clucas,,,,,Clucas,,
Clyne,Clyne,Nathaniel_Clyne,Clyne,Nathaniel_Clyne_241,,,Clyne,Nathaniel_Clyne_577,Nathaniel Clyne
Coady,,,Coady,Conor_Coady_430,Coady,Conor_Coady_403,Coady,Conor_Coady_459,Conor Coady
J Coleman,,Joel_Coleman,Coleman (Joel),Joel_Coleman_598,,,Coleman (Joel),,
S Coleman,Coleman (Seamus),Seamus_Coleman,Coleman (Seamus),Seamus_Coleman_157,Coleman,Seamus_Coleman_144,Coleman,Seamus_Coleman_152,SÈamus Coleman
Collins,Collins (James),James_Collins,,,,,Collins (James),,
Connolly,,,,Matthew_Connolly_93,Connolly,Aaron_Connolly_534,Connolly,Aaron_Connolly_78,Aaron Connolly
L Cook,L Cook,Lewis_Cook,L Cook,Lewis_Cook_39,L Cook,Lewis_Cook_79,L Cook,,
S Cook,S Cook,Steve_Cook,S Cook,Steve_Cook_27,S Cook,Steve_Cook_58,S Cook,,
Cooper,,,,,,,Cooper,Liam_Cooper_195,Liam Cooper
Coquelin,Coquelin,Francis_Coquelin,,,,,Coquelin,,
Cork,Cork,Jack_Cork,Cork,Jack_Cork_82,Cork,Jack_Cork_102,Cork,Jack_Cork_84,Jack Cork
D Costa,,Diego_Da Silva Costa,,,,,D Costa,,
H Costa,,,HÈlder Costa,HÈlder_Costa_435,,H√©lder_Costa_418,HÈlder Costa,HÈlder Wander_Sousa de Azevedo e Costa_205,HÈlder Costa
Coufal,,,,,,,Coufal,Vladimir_Coufal_558,VladimÌr Coufal
Courtois,Courtois,Thibaut_Courtois,,Thibaut_Courtois_111,,,Courtois,,
Coutinho,Coutinho,Philippe_Coutinho,,,,,Coutinho,,
Cranie,Cranie,Martin_Cranie,,,,,Cranie,,
Cresswell,Cresswell,Aaron_Cresswell,Cresswell,Aaron_Cresswell_402,Cresswell,Aaron_Cresswell_376,Cresswell (Aaron),Aaron_Cresswell_435,Aaron Cresswell
Crouch,Crouch,Peter_Crouch,Crouch,Peter_Crouch_590,,,Crouch,,
Cullen,Cullen,Josh_Cullen,,,,,Cullen,,
Cunningham,,,Cunningham,Greg_Cunninghamm_467,,,Cunningham,,
Cutrone,,,,,Cutrone,Patrick_Cutrone_487,Cutrone,Patrick_Cutrone_626,Patrick Cutrone
Dallas,,,,,,,Dallas,Stuart_Dallas_200,Stuart Dallas
Dalot,,,Diogo Dalot,JosÈ Diogo_Dalot Teixeira_294,Diogo Dalot,Jos√© Diogo_Dalot Teixeira_229,Diogo Dalot,,
Daly,,James_Daly,Matty Daly,Matthew_Daly_606,,James_Daly_581,Matty Daly,,
Damour,,,Damour,LoÔc_Damour_104,,,Damour,,
Daniels,Daniels,Charlie_Daniels,Daniels,Charlie_Daniels_28,Daniels,Charlie_Daniels_60,Daniels,,
Danilo,Danilo,Danilo Luiz_da Silva,Danilo,Danilo Luiz_da Silva_266,,Danilo Luiz_da Silva_209,Danilo,,
Dann,Dann,Scott_Dann,Dann,Scott_Dann_139,Dann,Scott_Dann_127,Dann,Scott_Dann_486,Scott Dann
Danso,,,,,Danso,Kevin_Danso_532,Danso,,
Darlow,Darlow,Karl_Darlow,,Karl_Darlow_308,,Karl_Darlow_263,Darlow,Karl_Darlow_325,Karl Darlow
Darmian,Darmian,Matteo_Darmian,Darmian,Matteo_Darmian_289,,Matteo_Darmian_230,Darmian,,
Ben K Davies,,,,,,,Davies (Ben Keith),Ben_Davies_653,Ben Keith Davies
Ben T Davies,Davies (Ben),Ben_Davies,Davies (Ben),Ben_Davies_356,Davies (Ben),Ben_Davies_329,Davies (Ben),Ben_Davies_395,Ben Davies
C Davies,,,,,,,C Davies,,
T Davies,Davies (Tom),Tom_Davies,Davies (Tom),Tom_Davies_169,Davies (Tom),Tom_Davies_154,Davies (Tom),Tom_Davies_163,Tom Davies
K Davis,,,,,Davis,Keinan_Davis_34,Davis (Keinan),Keinan_Davis_50,Keinan Davis
L Davis,,,,,,,Davis (Leif),Leif_Davis_214,Leif Davis
S Davis,Davis,Steven_Davis,Davis,Steven_Davis_337,,,Davis,,
C Dawson,Dawson,Craig_Dawson,,,Dawson,Craig_Dawson_439,Dawson,Craig_Dawson_576,Craig Dawson
M Dawson,,,,,,,M Dawson,,
De Bruyne,De Bruyne,Kevin_De Bruyne,De Bruyne,Kevin_De Bruyne_273,De Bruyne,Kevin_De Bruyne_215,De Bruyne,Kevin_De Bruyne_272,Kevin De Bruyne
de Gea,De Gea,David_de Gea,De Gea,David_De Gea_282,De Gea,David_de Gea_235,De Gea,David_de Gea_291,David de Gea
de Roon,,,,,,,de Roon,,
Debuchy,,Mathieu_Debuchy,,,,,Debuchy,,
Deeney,Deeney,Troy_Deeney,Deeney,Troy_Deeney_396,Deeney,Troy_Deeney_362,Deeney,,
Defoe,Defoe,Jermain_Defoe,Defoe,Jermain_Defoe_46,,,Defoe,,
Defour,Defour,Steven_Defour,Defour,Steven_Defour_77,,Steven_Defour_99,Defour,,
Delaney,Delaney,Damien_Delaney,,,,,Delaney,,
Delap,,,,,,,Delap,Liam_Delap_539,Liam Delap
Delph,Delph,Fabian_Delph,Delph,Fabian_Delph_269,Delph,Fabian_Delph_205,Delph,Fabian_Delph_149,Fabian Delph
Dembele,DembÈlÈ,Mousa_DembÈlÈ,DembÈlÈ,Mousa_DembÈlÈ_362,,,DembÈlÈ,,
Denayer,,,,,,,Denayer,,
Dendoncker,,,Dendoncker,Leander_Dendoncker_519,Dendoncker,Leander_Dendoncker_420,Dendoncker (Leander),Leander_Dendoncker_464,Leander Dendoncker
Depay,,,,,,,Depay,,
Depoitre,Depoitre,Laurent_Depoitre,Depoitre,Laurent_Depoitre_210,,,Depoitre,,
Deulofeu,Deulofeu,Gerard_Deulofeu,Deulofeu,Gerard_Deulofeu_394,Deulofeu,Gerard_Deulofeu_363,Deulofeu,,
Diabate,DiabatÈ,Fousseni_DiabatÈ,DiabatÈ,Fousseni_DiabatÈ_232,,,DiabatÈ,,
Diagne,,,,,,,Diagne,Mbaye_Diagne_648,Mbaye Diagne
Diakhaby,,,Diakhaby,Adama_Diakhaby_471,,,Diakhaby,,
Diallo,,,,,,,Diallo,Ibrahima_Diallo_565,Ibrahima Diallo
Diame,DiamÈ,Mohamed_DiamÈ,DiamÈ,Mohamed_DiamÈ_319,,,DiamÈ,,
Diangana,,Grady_Diangana,Diangana,Grady_Diangana_539,,Grady_Diangana_398,Diangana,Grady_Diangana_446,Grady Diangana
Dias,,,,,,,R˙ben Dias,R˙ben Santos_Gato Alves Dias_556,R˙ben Dias
Diaz,Diaz,Brahim_Diaz,,Brahim_Diaz_278,,,Diaz,,
Dier,Dier,Eric_Dier,Dier,Eric_Dier_361,Dier,Eric_Dier_350,Dier,Eric_Dier_391,Eric Dier
Digne,,,Digne,Lucas_Digne_484,Digne,Lucas_Digne_141,Digne,Lucas_Digne_155,Lucas Digne
Diomande,,,,,,,Diomande,,
Diop,,,Diop,Issa_Diop_409,Diop,Issa_Diop_381,Diop,Issa_Diop_451,Issa Diop
Diouf,Diouf,Mame Biram_Diouf,,,,,Diouf,,
Djenepo,,,,,Djenepo,Moussa_Djenepo_438,Djenepo,Moussa_Djenepo_382,Moussa Djenepo
Djilobodji,,,,,,,Djilobodji,,
Doherty,,,Doherty,Matt_Doherty_425,Doherty,Matt_Doherty_401,Doherty,Matt_Doherty_457,Matt Doherty
Doucoure,DoucourÈ,Abdoulaye_DoucourÈ,DoucourÈ,Abdoulaye_DoucourÈ_390,DoucourÈ,Abdoulaye_Doucour√©_368,DoucourÈ,Abdoulaye_DoucourÈ_512,Abdoulaye DoucourÈ
Douglas,,,,Barry_Douglas_424,,,Douglas,,
Downing,,,,,,,Downing,,
Doyle,,,,,Doyle,Tommy_Doyle_644,Doyle,Tommy_Doyle_285,
Dragovic,Dragovic,Aleksandar_Dragovic,,,,,Dragovic,,
Dreher,,,Dreher,Luke_Dreher_618,,Luke_Dreher_140,Dreher,,
Drinkwater,Drinkwater,Daniel_Drinkwater,,Daniel_Drinkwater_128,Drinkwater,Daniel_Drinkwater_120,Drinkwater,,
Drmic,,,,,Drmic,Josip_Drmic_434,Drmic,,
Dubravka,Dubravka,Martin_Dubravka,Dubravka,Martin_Dubravka_309,Dubravka,Martin_Dubravka_262,Dubravka,Martin_Dubravka_326,Martin Dubravka
Duda,,,,,Duda,Ondrej_Duda_601,Duda,,
Duffy,Duffy,Shane_Duffy,Duffy,Shane_Duffy_49,Duffy (Shane),Shane_Duffy_37,Duffy (Shane),Shane_Duffy_58,
Duhaney,,,Duhaney,Demeaco_Duhaney_601,,,Duhaney,,
Dummett,Dummett,Paul_Dummett,Dummett,Paul_Dummett_313,Dummett,Paul_Dummett_255,Dummett,Paul_Dummett_331,Paul Dummett
Dunk,Dunk,Lewis_Dunk,Dunk,Lewis_Dunk_48,Dunk,Lewis_Dunk_42,Dunk,Lewis_Dunk_62,Lewis Dunk
Dunne,,,,,,,Jimmy Dunne,Jimmy_Dunne_519,Jimmy Dunne
Durm,,,Durm,Erik_Durm_461,,,Durm,,
Dyer,Dyer,Nathan_Dyer,,,,,Dyer,,
Ederson,Ederson,Ederson_Santana de Moraes,Ederson,Ederson_Santana de Moraes_260,Ederson,Ederson_Santana de Moraes_212,Ederson,Ederson_Santana de Moraes_278,Ederson
K Edwards,,,,,,,Kyle Edwards,Kyle_Edwards_421,Kyle Edwards
T Edwards,Edwards (Thomas),Thomas_Edwards,,,,,Edwards (Thomas),,
Egan,,,,,Egan,John_Egan_295,Egan,John_Egan_353,John Egan
Ejaria,,,,,,,Ejaria,,
Elabdellaoui,,,,,,,Elabdellaoui,,
Eleftheriou,,,,,,,Eleftheriou,,
Elliot,Elliot,Robert_Elliot,,Robert_Elliot_307,,Robert_Elliot_573,Elliot,Elliot_Anderson_602,
Elliott,,,Elliott,Harvey_Elliott_610,Elliott,Harvey_Elliott_550,Elliott,Harvey_Elliott_265,
Elmohamady,,,,,Elmohamady,Ahmed_El Mohamady_22,Elmohamady,Ahmed_El Mohamady_29,Ahmed Elmohamady
Elneny,Elneny,Mohamed_Elneny,Elneny,Mohamed_Elneny_16,,Mohamed_Elneny_20,Elneny,Mohamed Naser_El Sayed Elneny_526,Mohamed Elneny
Elyounoussi,,,Elyounoussi,Mohamed_Elyounoussi_346,,Mohamed_Elyounoussi_322,Elyounoussi,,
Emerson,Emerson,Emerson_Palmieri dos Santos,Emerson,Emerson_Palmieri dos Santos_121,Emerson,Emerson_Palmieri dos Santos_107,Emerson,Emerson_Palmieri dos Santos_111,Emerson Palmieri
Engels,,,,,Engels,Bjorn_Engels_455,Engels,Bjorn_Engels_36,
Eriksen,Eriksen,Christian_Eriksen,Eriksen,Christian_Eriksen_364,Eriksen,Christian_Eriksen_343,Eriksen,,
Etheridge,,,Etheridge,Neil_Etheridge_88,,,Etheridge,,
Evandro,,,,,,,Evandro,,
Evans,Evans,Jonny_Evans,Evans,Jonny_Evans_222,Evans (Jonny),Jonny_Evans_162,Evans,Jonny_Evans_219,Jonny Evans
Evra,Evra,Patrice_Evra,,,,,Evra,,
Eze,,,,,,,Eze,Eberechi_Eze_489,Eberechi Eze
Fabianski,Fabianski,Lukasz_Fabianski,Fabianski,Lukasz_Fabianski_400,Fabianski,Lukasz_Fabianski_388,Fabianski,Lukasz_Fabianski_431,?ukasz Fabia?ski
Fabinho,,,Fabinho,Fabio Henrique_Tavares_255,Fabinho,Fabio Henrique_Tavares_197,Fabinho,Fabio Henrique_Tavares_253,Fabinho
Fabio,,,,,,,Fabio Silva,Fabio_Silva_504,F·bio Silva
Fabregas,Fabregas,Cesc_F‡bregas,Fabregas,Cesc_F‡bregas_123,,,Fabregas,,
Fabri,,,Fabri,Fabricio_Agosto RamÌrez_474,,,Fabri,,
Fahrmann,,,,,F‰hrmann,Ralf_Fahrmann_449,F‰hrmann,,
Famewo,,,,,Famewo,Akin_Famewo_552,Famewo,,
Federici,,Adam_Federici,,,,,Federici,,
Feghouli,,Sofiane_Feghouli,,,,,Feghouli,,
Fellaini,Fellaini,Marouane_Fellaini,Fellaini,Marouane_Fellaini_298,,,Fellaini,,
Femenia,FemenÌa,Francisco_FemenÌa Far,FemenÌa,Francisco_FemenÌa Far_383,FemenÌa,Francisco_Femen√≠a Far_357,FemenÌa,,
Fer,Fer,Leroy_Fer,,,,,Fer,,
Ferguson,,Nathan_Ferguson,,,,,Ferguson,Nathan_Ferguson_145,
B Fernandes,,,,,Bruno Fernandes,Bruno Miguel_Borges Fernandes_618,Bruno Fernandes,Bruno Miguel_Borges Fernandes_302,Bruno Fernandes
E Fernandes,Fernandes,Edimilson_Fernandes,,Edimilson_Fernandes_416,,,Fernandes,,
G Fernandes,,,,,Gedson Fernandes,Gedson_Carvalho Fernandes_605,Gedson Fernandes,Gedson_Carvalho Fernandes_401,
Fernandez,Fern·ndez,Federico_Fern·ndez,Fern·ndez,Federico_Fern·ndez_516,Fern·ndez,Federico_Fern√°ndez_254,Fern·ndez,Federico_Fern·ndez_323,Federico Fern·ndez
Fernandinho,Fernandinho,Fernando_Luiz Rosa,Fernandinho,Fernando_Luiz Rosa_272,Fernandinho,Fernando_Luiz Rosa_221,Fernandinho,Fernando_Luiz Rosa_266,Fernandinho
Fernando,,,,,,,Fernando,,
Field,Field,Sam_Field,,,,,Field,Sam_Field_423,Sam Field
Firmino,Firmino,Roberto_Firmino,Firmino,Roberto_Firmino_257,Firmino,Roberto_Firmino_187,Firmino,Roberto_Firmino_249,Roberto Firmino
Fischer,,,,,,,Fischer,,
Flamini,,,,,,,Flamini,,
Flanagan,,Jon_Flanagan,,,,,Flanagan,,
Fleck,,,,,Fleck,John_Fleck_301,Fleck,John_Fleck_346,John Fleck
A Fletcher,,Ashley_Fletcher,,,,,A Fletcher,,
D Fletcher,Fletcher (Darren),Darren_Fletcher,,,,,Fletcher (Darren),,
Foden,Foden,Phil_Foden,Foden,Phil_Foden_277,Foden,Phil_Foden_220,Foden,Phil_Foden_284,Phil Foden
Foderingham,,,,,,,Foderingham,Wes_Foderingham_350,
Fofana,,,,,,,Fofana,Wesley_Fofana_561,Wesley Fofana
Folivi,,Michael_Folivi,,,,,Folivi,,
Fonte,Fonte,Jose_Fonte,,,,,Fonte,,
Fornals,,,,,Fornals,Pablo_Fornals_399,Fornals,Pablo_Fornals_450,Pablo Fornals
Forshaw,,,,,,,Forshaw,Adam_Forshaw_199,
Forster,Forster,Fraser_Forster,Forster,Fraser_Forster_329,,Fraser_Forster_317,Forster,Fraser_Forster_523,Fraser Forster
Foster,Foster,Ben_Foster,Foster,Ben_Foster_445,Foster,Ben_Foster_366,Foster,,
Fosu-Mensah,Fosu-Mensah,Timothy_Fosu-Mensah,Fosu-Mensah,Timothy_Fosu-Mensah_511,Fosu-Mensah,Timothy_Fosu-Mensah_658,Fosu-Mensah,Timothy_Fosu-Mensah_312,Timothy Fosu-Mensah
Foulquier,,,,,Foulquier,Dimitri_Foulquier_542,Foulquier,,
Foyth,,Juan_Foyth,Foyth,Juan_Foyth_549,Foyth,Juan_Foyth_335,Foyth,Juan_Foyth_406,
Francis,Francis,Simon_Francis,Francis,Simon_Francis_26,Francis (Simon),Simon_Francis_62,Francis (Simon),,
Fraser,Fraser,Ryan_Fraser,Fraser,Ryan_Fraser_40,Fraser,Ryan_Fraser_75,Fraser,Ryan_Fraser_507,Ryan Fraser
Fred,,,Fred,Frederico_Rodrigues de Paula Santos_304,Fred,Frederico_Rodrigues de Paula Santos_244,Fred,Frederico_Rodrigues de Paula Santos_299,Fred
Fredericks,,,Fredericks,Ryan_Fredericks_408,Fredericks,Ryan_Fredericks_380,Fredericks,Ryan_Fredericks_438,Ryan Fredericks
K Freeman,,,,,Freeman (Kieron),Kieron_Freeman_292,Freeman (Kieron),,
L Freeman,,,,,Freeman (Luke),Luke_Freeman_441,Freeman (Luke),Luke_Freeman_477,
Friend,,,,,,,Friend,,
Fryers,,,,,,,Fryers,,
Fuchs,Fuchs,Christian_Fuchs,Fuchs,Christian_Fuchs_216,Fuchs,Christian_Fuchs_163,Fuchs,Christian_Fuchs_218,Christian Fuchs
Fulton,Fulton,Jay_Fulton,,,,,Fulton,,
Furlong,,,,,,,Furlong,Darnell_Furlong_422,Darnell Furlong
Gabbiadini,Gabbiadini,Manolo_Gabbiadini,Gabbiadini,Manolo_Gabbiadini_349,,,Gabbiadini,,
Gabriel,,,,,,,Gabriel Magalh„es,Gabriel_Magalh„es_494,Gabriel Dos Santos
Gallagher,,,Gallagher,Sam_Gallagher_574,,Sam_Gallagher_316,Gallagher,Conor_Gallagher_544,Conor Gallagher
Galloway,,,,,,,Galloway,,
Gamez,Jes˙s G·mez,Jes˙s_G·mez Duarte,,,,,Jes˙s G·mez,,
A Garcia,,,,,,,A Garcia,,
E Garcia,,,,,Garcia,Eric_Garcia_544,Garcia,Eric_Garcia_288,Eric GarcÌa
Gardner,,,,,,,Gardner,,
Garner,,,Garner,James_Garner_602,Garner,James_Garner_250,Garner,James_Garner_317,
Gayle,Gayle,Dwight_Gayle,,Dwight_Gayle_325,Gayle,Dwight_Gayle_554,Gayle,Dwight_Gayle_329,Dwight Gayle
Gazzaniga,Gazzaniga,Paulo_Gazzaniga,Gazzaniga,Paulo_Gazzaniga_536,Gazzaniga,Paulo_Gazzaniga_341,Gazzaniga,Paulo_Gazzaniga_393,
Gbamin,,,,,Gbamin,Jean-Philippe_Gbamin_497,Gbamin,Jean-Philippe_Gbamin_161,
Gestede,,,,,,Rachid_Ghezzal_173,Gestede,,
El Ghazi,,,,,El Ghazi,Anwar_El Ghazi_30,El Ghazi,Anwar_El Ghazi_45,Anwar El Ghazi
Ghezzal,,,Ghezzal,Rachid_Ghezzal_492,,,Ghezzal,,
Gibbs,Gibbs,Kieran_Gibbs,,,,,Gibbs,Kieran_Gibbs_407,Kieran Gibbs
Gibbs-White,,,Gibbs-White,Morgan_Gibbs-White_448,Gibbs-White,Morgan_Gibbs-White_416,Gibbs-White,Morgan_Gibbs-White_473,Morgan Gibbs-White
B Gibson,,,Gibson,Ben_Gibson_491,,Ben_Gibson_89,Gibson,Ben_Gibson_94,
D Gibson,,,,,,,D Gibson,,
Gillespie,,,,,,,Gillespie,Mark_Gillespie_488,
Gilmour,,,,,Gilmour,Billy_Gilmour_533,Gilmour,Billy_Gilmour_124,Billy Gilmour
Giroud,Giroud,Olivier_Giroud,Giroud,Olivier_Giroud_133,Giroud,Olivier_Giroud_110,Giroud,Olivier_Giroud_103,Olivier Giroud
Given,,,,,,,Given,,
Godfrey,,,,,Godfrey,Ben_Godfrey_273,Godfrey,Ben_Godfrey_566,Ben Godfrey
Goldson,Goldson,Connor_Goldson,,,,,Goldson,,
Andre Gomes,,,AndrÈ Gomes,AndrÈ Filipe_Tavares Gomes_508,AndrÈ Gomes,Andr√© Filipe_Tavares Gomes_422,AndrÈ Gomes,AndrÈ Filipe_Tavares Gomes_158,AndrÈ Gomes
Angel Gomes,,,Gomes (Angel),Angel_Gomes_568,Gomes (Angel),Angel_Gomes_245,Gomes (Angel),,
H Gomes,Gomes (Heurelho),Heurelho_Gomes,,Heurelho_Gomes_373,,Heurelho da Silva_Gomes_513,Gomes (Heurelho),,
Gomez,Gomez,Joseph_Gomez,Gomez,Joseph_Gomez_242,Gomez,Joseph_Gomez_184,Gomez,Joseph_Gomez_260,Joe Gomez
Gooch,,,,,,,Gooch,,
Gordon,,,,,Gordon (Anthony),Anthony_Gordon_561,Gordon (Anthony),Anthony_Gordon_168,Anthony Gordon
Gosling,Gosling,Dan_Gosling,Gosling,Dan_Gosling_37,Gosling,Dan_Gosling_81,Gosling,,
Grabban,,,,,,,Grabban,,
Gradel,,Max_Gradel,,,,,Gradel,,
K Grant,,,Grant (Karlan),Karlan_Grant_585,,,Grant (Karlan),Karlan_Grant_582,Karlan Grant
L Grant,Grant,Lee_Grant,,Lee_Grant_520,,Lee_Grant_237,Grant,Lee_Grant_604,
A Gray,Gray (Andre),Andre_Gray,Gray (Andre),Andre_Gray_395,Gray (Andre),Andre_Gray_364,Gray (Andre),,
D Gray,Gray (Demarai),Demarai_Gray,Gray (Demarai),Demarai_Gray_225,Gray (Demarai),Demarai_Gray_175,Gray,Demarai_Gray_230,Demarai Gray
Grealish,,,,,Grealish,Jack_Grealish_29,Grealish,Jack_Grealish_37,Jack Grealish
Greenwood,,,Greenwood,Mason_Greenwood_608,Greenwood,Mason_Greenwood_234,Greenwood (Mason),Mason_Greenwood_315,Mason Greenwood
Groeneveld,,,,,Danjuma Groeneveld,Arnaut_Danjuma Groeneveld_492,Danjuma Groeneveld,,
Grosicki,,,,,,,Grosicki,Kamil_Grosicki_410,Kamil Grosicki
Gross,Groﬂ,Pascal_Groﬂ,Groﬂ,Pascal_Groﬂ_59,Groﬂ,Pascal_Gro√ü_49,Groﬂ,Pascal_Groﬂ_57,Pascal Groﬂ
Grot,,,,,,,Grot,Jay-Roy_Grot_207,
Grujic,Grujic,Marko_Grujic,,,,,Grujic,,
Guaita,,,Guaita,Vicente_Guaita_137,Guaita,Vicente_Guaita_131,Guaita,Vicente_Guaita_128,Vicente Guaita
Gudmundsson,Gudmundsson,Johann Berg_Gudmundsson,Gudmundsson,Johann Berg_Gudmundsson_76,Gudmundsson,Johann Berg_Gudmundsson_96,Gudmundsson,Johann Berg_Gudmundsson_90,JÛhann Berg Gumundsson
Guedioura,,,,,,,Guedioura,,
Guendouzi,,,Guendouzi,Matteo_Guendouzi_451,Guendouzi,Matteo_Guendouzi_21,Guendouzi,Matteo_Guendouzi_25,
Gueye,Gueye,Idrissa_Gueye,Gueye,Idrissa_Gueye_168,,Idrissa_Gueye_156,Gueye,,
Guilbert,,,,,Guilbert,Fr√©d√©ric_Guilbert_458,Guilbert,FrÈdÈric_Guilbert_47,
Gundogan,G¸ndogan,Ilkay_G¸ndogan,G¸ndogan,Ilkay_G¸ndogan_274,G¸ndogan,Ilkay_G√ºndogan_222,G¸ndogan,Ilkay_G¸ndogan_271,?lkay G¸ndo?an
Gunn,,,Gunn,Angus_Gunn_452,Gunn,Angus_Gunn_319,Gunn,Angus_Gunn_371,
Gunnarsson,,,Gunnarsson,Aron_Gunnarsson_102,,,Gunnarsson,,
Guzan,,,,,,,Guzan,,
Hackford,,,,,,,Hackford,Antwoine_Hackford_618,Antwoine Hackford
Hadergjonaj,Hadergjonaj,Florent_Hadergjonaj,Hadergjonaj,Florent_Hadergjonaj_197,,,Hadergjonaj,,
Haidara,Haidara,Massadio_Haidara,,,,,Haidara,,
Haller,,,,,Haller,S√©bastien_Haller_457,Haller,SÈbastien_Haller_441,SÈbastien Haller
Hamer,Hamer,Ben_Hamer,Hamer,Ben_Hamer_190,,,Hamer,,
Hanley,,Grant_Hanley,,,Hanley,Grant_Hanley_277,Hanley,,
Harper,Harper,Rekeem_Harper,,,,,Harper,Rekeem_Harper_426,Rekeem Harper
Harris,,,Harris (Kadeem),Kadeem_Harris_535,,,Harris (Kadeem),,
Harrison,,,,,,,Harrison,Jack_Harrison_203,Jack Harrison
Harrop,,,,,,,Harrop,,
Hart,Hart,Joe_Hart,Hart,Joe_Hart_490,,Joe_Hart_95,Hart,Joe_Hart_482,
Hause,,,,Kortney_Hause_525,Hause,Kortney_Hause_25,Hause,Kortney_Hause_39,Kortney Hause
Havertz,,,,,,,Havertz,Kai_Havertz_500,Kai Havertz
Hayden,Hayden,Isaac_Hayden,Hayden,Isaac_Hayden_323,Hayden (Isaac),Isaac_Hayden_271,Hayden (Isaac),Isaac_Hayden_336,Isaac Hayden
Hazard,Hazard,Eden_Hazard,Hazard,Eden_Hazard_122,,,Hazard,,
Healey,,,Healey,Rhys_Healey_573,,,Healey,,
Heaton,Heaton,Tom_Heaton,Heaton,Tom_Heaton_67,Heaton,Tom_Heaton_94,Heaton,Tom_Heaton_28,
Hector,,,,,,,Hector,Michael_Hector_178,Michael Hector
Hefele,Hefele,Michael_Hefele,,,,,Hefele,,
Hegazi,Hegazi,Ahmed El-Sayed_Hegazi,,,,,Hegazi,Ahmed El-Sayed_Hegazy_414,Ahmed Hegazi
Hemed,Hemed,Tomer_Hemed,,Tomer_Hemed_63,,,Hemed,,
D Henderson,,,,,Henderson (Dean),Dean_Henderson_471,Henderson (Dean),Dean_Henderson_305,Dean Henderson
J Henderson,Henderson (Jordan),Jordan_Henderson,Henderson,Jordan_Henderson_249,Henderson (Jordan),Jordan_Henderson_198,Henderson (Jordan),Jordan_Henderson_244,Jordan Henderson
Hendrick,Hendrick,Jeff_Hendrick,Hendrick,Jeff_Hendrick_78,Hendrick,Jeff_Hendrick_100,Hendrick,Jeff_Hendrick_485,Jeff Hendrick
Hennessey,Hennessey,Wayne_Hennessey,Hennessey,Wayne_Hennessey_135,Hennessey,Wayne_Hennessey_132,Hennessey,Wayne_Hennessey_126,
Henriksen,,,,,,,Henriksen,,
A Hernandez,,,,,,,A Hernandez,,
L Hernandez,,,,,,,L Hernandez,,
O Hernandez,,,,,Hern·ndez (Onel),Onel_Hern√°ndez_284,Hern·ndez (Onel),,
P Hernandez,,,,,,,Hern·ndez,Pablo_Hern·ndez DomÌnguez_193,Pablo Hern·ndez
Herrera,Herrera,Ander_Herrera,Herrera,Ander_Herrera_299,,,Herrera,,
Higuain,,,Higuain,Gonzalo_HiguaÌn_579,,,Higuain,,
Hirst,,,,,Hirst,George_Hirst_661,Hirst,,
Hoedt,Hoedt,Wesley_Hoedt,Hoedt,Wesley_Hoedt_336,,Wesley_Hoedt_485,Hoedt,,
Hoever,,,,,,,Hoever,Ki-Jana_Hoever_545,Ki-Jana Hoever
Hogg,Hogg,Jonathan_Hogg,Hogg,Jonathan_Hogg_201,,,Hogg,,
Hoilett,,,Hoilett,David Junior_Hoilett_99,,,Hoilett,,
Hojbjerg,H¯jbjerg,Pierre-Emile_H¯jbjerg,H¯jbjerg,Pierre-Emile_H¯jbjerg_340,H¯jbjerg,Pierre-Emile_H√∏jbjerg_325,H¯jbjerg,Pierre-Emile_H¯jbjerg_396,Pierre H¯jbjerg
Holding,Holding,Rob_Holding,Holding,Rob_Holding_6,Holding,Rob_Holding_10,Holding,Rob_Holding_16,Rob Holding
Holebas,Holebas,JosÈ_Holebas,Holebas,JosÈ_Holebas_378,Holebas,Jos√©_Holebas_353,Holebas,,
Holgate,Holgate,Mason_Holgate,Holgate,Mason_Holgate_160,Holgate,Mason_Holgate_478,Holgate,Mason_Holgate_165,Mason Holgate
Holland,,,,Nathan_Holland_611,Holland,Nathan_Holland_568,Holland,,
Honeyman,,,,,,,Honeyman,,
Hourihane,,,,,Hourihane,Conor_Hourihane_28,Hourihane,Conor_Hourihane_33,Conor Hourihane
Huddlestone,,,,,,,Huddlestone,,
Hudson-Odoi,Hudson-Odoi,Callum_Hudson-Odoi,Hudson-Odoi,Callum_Hudson-Odoi_131,Hudson-Odoi,Callum_Hudson-Odoi_116,Hudson-Odoi,Callum_Hudson-Odoi_122,Callum Hudson-Odoi
Huggins,,,,,,,Huggins,Niall_Huggins_619,Niall Huggins
Hughes,Hughes (Will),Will_Hughes,Hughes (Will),Will_Hughes_392,Hughes,Will_Hughes_370,Hughes,Liam_Hughes_677,
Hugill,Hugill,Jordan_Hugill,,Jordan_Hugill_420,,,Hugill,Jordan_Hugill_444,
Hunemeier,H¸nemeier,Uwe_H¸nemeier,,,,,H¸nemeier,,
Husband,,,,,,,Husband,,
Huth,,Robert_Huth,,,,,Huth,,
Hyndman,Hyndman,Emerson_Hyndman,Hyndman,Emerson_Hyndman_41,,,Hyndman,,
Ibe,Ibe,Jordon_Ibe,Ibe,Jordon_Ibe_38,Ibe,Jordon_Ibe_78,Ibe,,
Iborra,Iborra,Vicente_Iborra,Iborra,Vicente_Iborra_228,,,Iborra,,
Ibrahimovic,Ibrahimovic,Zlatan_Ibrahimovic,,,,,Ibrahimovic,,
Idah,,,,,Idah,Adam_Idah_538,Idah,,
Ighalo,,,,,Ighalo,Odion_Ighalo_624,Ighalo,Odion_Ighalo_293,Odion Ighalo
Iheanacho,Iheanacho,Kelechi_Iheanacho,Iheanacho,Kelechi_Iheanacho_236,Iheanacho,Kelechi_Iheanacho_167,Iheanacho,Kelechi_Iheanacho_233,Kelechi Iheanacho
Imbula,,Giannelli_Imbula,,,,,Imbula,,
Ince,Ince (Thomas),Tom_Ince,,Tom_Ince_203,,,Ince (Thomas),,
Martins Indi,Martins Indi,Bruno_Martins Indi,,,,,Martins Indi,,
Ings,Ings,Danny_Ings,Ings,Danny_Ings_258,Ings,Danny_Ings_313,Ings,Danny_Ings_366,Danny Ings
Ireland,Ireland,Stephen_Ireland,,,,,Ireland,,
Ivanovic,,,,,,,Ivanovic,Branislav_Ivanovic_530,Branislav Ivanovi?
Iwobi,Iwobi,Alex_Iwobi,Iwobi,Alex_Iwobi_15,Iwobi,Alex_Iwobi_17,Iwobi,Alex_Iwobi_159,Alex Iwobi
Izquierdo,Izquierdo,JosÈ Heriberto_Izquierdo Mena,Izquierdo,JosÈ Heriberto_Izquierdo Mena_61,,Jos√© Heriberto_Izquierdo Mena_51,Izquierdo,JosÈ_Izquierdo_72,
Jagielka,Jagielka,Phil_Jagielka,Jagielka,Phil_Jagielka_158,Jagielka,Phil_Jagielka_444,Jagielka,Phil_Jagielka_529,Phil Jagielka
Jahanbakhsh,,,Jahanbakhsh,Alireza_Jahanbakhsh_476,Jahanbakhsh,Alireza_Jahanbakhsh_50,Jahanbakhsh,Alireza_Jahanbakhsh_71,Alireza Jahanbakhsh
Jakupovic,Jakupovic,Eldin_Jakupovic,,Eldin_Jakupovic_214,,Eldin_Jakupovic_169,Jakupovic,,
D James,,,,,James (Daniel),Daniel_James_243,James (Daniel),Daniel_James_311,Daniel James
M James,James (Matthew),Matty_James,,Matty_James_229,James (Matthew),Matty_James_177,James (Matthew),Matty_James_222,
R James,,,,,James (Reece),Reece_James_506,James (Reece),Reece_James_123,Reece James
Jankewitz,,,,,,,Jankewitz,Alexandre_Jankewitz_643,Alexandre Jankewitz
Janmaat,Janmaat,Daryl_Janmaat,Janmaat,Daryl_Janmaat_381,Janmaat,Daryl_Janmaat_359,Janmaat,,
Janssen,Janssen,Vincent_Janssen,Janssen,Vincent_Janssen_614,,Vincent_Janssen_339,Janssen,,
Januzaj,,,,,,,Januzaj,,
Jedinak,,,,,,,Jedinak,,
Jenkinson,,Carl_Jenkinson,Jenkinson,Carl_Jenkinson_581,,Carl_Jenkinson_9,Jenkinson,,
Jese,Jese,JesÈ_RodrÌguez Ruiz,,,,,Jese,,
Jesus,Jesus,Gabriel Fernando_de Jesus,Jesus,Gabriel Fernando_de Jesus_281,Jesus,Gabriel Fernando_de Jesus_211,Jesus,Gabriel Fernando_de Jesus_282,Gabriel Jesus
Jimenez,,,Ra˙l JimÈnez,Ra˙l_JimÈnez_437,Ra˙l JimÈnez,Ra√∫l_Jim√©nez_409,Ra˙l JimÈnez,Ra˙l_JimÈnez_460,Ra˙l JimÈnez
Joelinton,,,,,Joelinton,Joelinton C√°ssio_Apolin√°rio de Lira_466,Joelinton,Joelinton C·ssio_Apolin·rio de Lira_340,Joelinton
Johansen,,,Johansen,Stefan_Johansen_185,,,Johansen,Stefan_Johansen_174,
B Johnson,,Ben_Johnson,Johnson (Ben),Ben_Johnson_605,Johnson (Ben),Ben_Johnson_384,Johnson (Ben),Ben_Johnson_452,Ben Johnson
G Johnson,Johnson (Glen),Glen_Johnson,,,,,Johnson (Glen),,
T Johnson,,,Johnson (Tyreke),Tyreke_Johnson_562,,Tyreke_Johnson_326,Johnson (Tyreke),,
Johnstone,,,,,,,Johnstone,Sam_Johnstone_417,Sam Johnstone
B Jones,,,,,,,B Jones,,
C Jones,,Curtis_Jones,,Curtis_Jones_597,Jones (Curtis),Curtis_Jones_569,Jones (Curtis),Curtis_Jones_263,Curtis Jones
D Jones,,,,,,,D Jones,,
P Jones,Jones (Phil),Phil_Jones,Jones (Phil),Phil_Jones_285,Jones (Phil),Phil_Jones_231,Jones (Phil),Phil_Jones_297,
Jonny,,,Jonny,Jonathan_Castro Otto_483,Jonny,Jonathan_Castro Otto_402,Jonny,Jonathan_Castro Otto_462,Jonny Castro
Jordao,,,,,Bruno Jordao,Bruno Andr√©_Cavaco Jordao_609,Bruno Jordao,Bruno AndrÈ_Cavaco Jordao_475,
Jorginho,,,Jorginho,Jorge Luiz_Frello Filho_459,Jorginho,Jorge Luiz_Frello Filho_118,Jorginho,Jorge Luiz_Frello Filho_105,Jorginho
Joselu,Joselu,Jose Luis_Mato SanmartÌn,Joselu,Jose Luis_Mato SanmartÌn_327,,,Joselu,,
D Jota,,,Diogo Jota,Diogo_Jota_432,Diogo Jota,Diogo_Jota_410,Diogo Jota,Diogo_Jota_468,Diogo Jota
Jota,,,,,Jota,Jos√© Ignacio_Peleteiro Romallo_36,Jota,Diogo_Jota_468,Diogo Jota
Justin,,,,,Justin,James_Justin_433,Justin,James_Justin_239,James Justin
Jutkiewicz,,,,,,,Jutkiewicz,,
Kabak,,,,,,,Kabak,Ozan_Kabak_652,Ozan Kabak
Kabasele,Kabasele,Christian_Kabasele,Kabasele,Christian_Kabasele_380,Kabasele,Christian_Kabasele_354,Kabasele,,
Kaboul,Kaboul,Younes_Kaboul,,Younes_Kaboul_375,,,Kaboul,,
Kachunga,Kachunga,Elias_Kachunga,Kachunga,Elias_Kachunga_212,,,Kachunga,,
Kaikai,Kaikai,Sullay_Kaikai,,Sullay_Kaikai_477,,,Kaikai,,
Kamara,,,Kamara,Aboubakar_Kamara_189,,,Kamara,Aboubakar_Kamara_190,Aboubakar Kamara
Kane,Kane,Harry_Kane,Kane (Harry),Harry_Kane_372,Kane (Harry),Harry_Kane_338,Kane,Harry_Kane_388,Harry Kane
Kante,KantÈ,N'Golo_KantÈ,KantÈ,N'Golo_KantÈ_126,KantÈ,N'Golo_Kant√©_119,KantÈ,N'Golo_KantÈ_113,N'Golo KantÈ
Karbownik,,,,,,,Karbownik,Michal_Karbownik_663,Michal Karbownik
Karius,Karius,Loris_Karius,,Loris_Karius_238,,,Karius,,
Karnezis,Karnezis,Orestis_Karnezis,,,,,Karnezis,,
Kayal,Kayal,Beram_Kayal,Kayal,Beram_Kayal_57,,Beram_Kayal_56,Kayal,,
Kean,,,,,Kean,Moise_Kean_496,Kean,Moise_Kean_169,Moise Kean
M Keane,Keane,Michael_Keane,Keane,Michael_Keane_162,Keane,Michael_Keane_143,Keane,Michael_Keane_156,Michael Keane
W Keane,,,,,,,W Keane,,
Kebano,,,Kebano,Neeskens_Kebano_187,,,Kebano,Neeskens_Kebano_180,Neeskens Kebano
Keita,,,Keita,Naby_Keita_256,Keita,Naby_Keita_196,Keita,Naby_Keita_261,Naby KeÔta
Kelleher,,,,,,,Kelleher,Caoimhin_Kelleher_560,Caoimhin Kelleher
L Kelly,,,,,Kelly (Lloyd),Lloyd_Kelly_64,Kelly (Lloyd),,
M Kelly,Kelly,Martin_Kelly,Kelly,Martin_Kelly_140,Kelly (Martin),Martin_Kelly_128,Kelly (Martin),Martin_Kelly_135,
Kenedy,Kenedy,Robert Kenedy_Nunes do Nascimento,Kenedy,Robert Kenedy_Nunes do Nascimento_458,,,Kenedy,,
Kenny,Kenny,Jonjoe_Kenny,Kenny,Jonjoe_Kenny_161,,,Kenny,Jonjoe_Kenny_160,Jonjoe Kenny
Kepa,,,Kepa,Kepa_Arrizabalaga_498,Kepa,Kepa_Arrizabalaga_111,Kepa,Kepa_Arrizabalaga_112,Kepa Arrizabalaga
Khadra,,,,,,,Khadra,Reda_Khadra_630,Reda Khadra
Khazri,,,,,,,Khazri,,
Kightly,,,,,,,Kightly,,
Kilman,,,Kilman,Max_Kilman_567,Kilman,Max_Kilman_408,Kilman,Max_Kilman_470,Max Kilman
A King,King (Andy),Andy_King,,,,Andy_King_480,King (Andy),,
J King,King (Joshua),Joshua_King,King (Joshua),Joshua_King_45,King (Joshua),Joshua_King_68,King,Joshua_King_651,Joshua King
Kingsley,,Stephen_Kingsley,,,,,Kingsley,,
Kirchhoff,,,,,,,Kirchhoff,,
Klaassen,Klaassen,Davy_Klaassen,,Davy_Klaassen_171,,,Klaassen,,
Klavan,Klavan,Ragnar_Klavan,,Ragnar_Klavan_244,,,Klavan,,
Klich,,,,,,,Klich,Mateusz_Klich_198,Mateusz Klich
Klose,,,,,Klose,Timm_Klose_272,Klose,,
Knockaert,Knockaert,Anthony_Knockaert,Knockaert,Anthony_Knockaert_55,,Anthony_Knockaert_52,Knockaert,Anthony_Knockaert_177,
Koch,,,,,,,Koch,Robin_Koch_491,Robin Koch
Kodjia,,,,,Kodjia,Jonathan_Kodjia_26,Kodjia,,
Kolarov,,Aleksandar_Kolarov,,,,,Kolarov,,
Kolasinac,Kolasinac,Sead_Kolasinac,Kolasinac,Sead_Kolasinac_8,Kolasinac,Sead_Kolasinac_3,Kolasinac,Sead_Kolasinac_14,Sead Kolaöinac
Kompany,Kompany,Vincent_Kompany,Kompany,Vincent_Kompany_263,,,Kompany,,
A Kone,,,,,,,A Kone,,
L Kone,,,,,,,L Kone,,
Kongolo,Kongolo,Terence_Kongolo,Kongolo,Terence_Kongolo_198,,,Kongolo,Terence_Kongolo_585,
Koscielny,Koscielny,Laurent_Koscielny,Koscielny,Laurent_Koscielny_3,,Laurent_Koscielny_7,Koscielny,,
Kouyate,KouyatÈ,Cheikhou_KouyatÈ,KouyatÈ,Cheikhou_KouyatÈ_412,KouyatÈ,Cheikhou_Kouyat√©_139,KouyatÈ,Cheikhou_KouyatÈ_133,Cheikhou KouyatÈ
Kovacic,,,Kovacic,Mateo_Kovacic_499,Kovacic,Mateo_Kovacic_432,Kovacic,Mateo_Kovacic_107,Mateo Kova?i?
Krafth,,,,,Krafth,Emil_Krafth_519,Krafth,Emil_Krafth_333,Emil Krafth
Krovinovic,,,,,,,Krovinovic,Filip_Krovinovic_555,Filip Krovinovi?
Krul,,Tim_Krul,,,Krul,Tim_Krul_280,Krul,,
Krychowiak,Krychowiak,Grzegorz_Krychowiak,,,,,Krychowiak,,
Lacazette,Lacazette,Alexandre_Lacazette,Lacazette,Alexandre_Lacazette_22,Lacazette,Alexandre_Lacazette_12,Lacazette,Alexandre_Lacazette_6,Alexandre Lacazette
Ladapo,Freddie Ladapo,Olayinka Fredrick Oladotun_Ladapo,,,,,Freddie Ladapo,,
Lallana,Lallana,Adam_Lallana,Lallana,Adam_Lallana_250,Lallana,Adam_Lallana_195,Lallana,Adam_Lallana_54,Adam Lallana
Lambert,,,,,,,Lambert,,
Lamela,Lamela,Erik_Lamela,Lamela,Erik_Lamela_363,Lamela,Erik_Lamela_346,Lamela,Erik_Lamela_387,…rik Lamela
Lamptey,,,,,Lamptey,Tariq_Lamptey_586,Lamptey,Tariq_Lamptey_77,Tariq Lamptey
Lansbury,,,,,Lansbury,Henri_Lansbury_35,Lansbury,Henri_Lansbury_30,
Lanzini,Lanzini,Manuel_Lanzini,Lanzini,Manuel_Lanzini_414,Lanzini,Manuel_Lanzini_391,Lanzini,Manuel_Lanzini_439,Manuel Lanzini
Laporte,Laporte,Aymeric_Laporte,Laporte,Aymeric_Laporte_268,Laporte,Aymeric_Laporte_202,Laporte,Aymeric_Laporte_280,Aymeric Laporte
Larsson,,,,,,,Larsson,,
Lascelles,Lascelles,Jamaal_Lascelles,Lascelles,Jamaal_Lascelles_312,Lascelles,Jamaal_Lascelles_258,Lascelles,Jamaal_Lascelles_328,Jamaal Lascelles
Lazaro,,,,,Lazaro,Valentino_Lazaro_614,Lazaro,,
Leadbitter,,,,,,,Leadbitter,,
Ledley,,,,,,,Ledley,,
Lee,Lee,Chung-yong_Lee,,,,,Lee,,
Leitner,,,,,Leitner,Moritz_Leitner_288,Leitner,,
Leiva,,Leiva_Lucas,,,,,Leiva,,
Lejeune,Lejeune,Florian_Lejeune,Lejeune,Florian_Lejeune_314,Lejeune,Florian_Lejeune_257,Lejeune,Florian_Lejeune_327,
Leko,,Jonathan_Leko,,,,,Leko,Jonathan_Leko_420,
Lemina,Lemina,Mario_Lemina,Lemina,Mario_Lemina_344,,Mario_Lemina_324,Lemina,Mario_Lemina_493,Mario Lemina
Lennon,Lennon,Aaron_Lennon,Lennon,Aaron_Lennon_83,Lennon,Aaron_Lennon_430,Lennon,,
Leno,,,Leno,Bernd_Leno_2,Leno,Bernd_Leno_14,Leno,Bernd_Leno_8,Bernd Leno
Lens,,,,,,,Lens,,
Lerma,,,Lerma,Jefferson_Lerma_494,Lerma,Jefferson_Lerma_82,Lerma,,
Lescott,,,,,,,Lescott,,
Lesniak,,,,,,,Lesniak,,
Lewis,,,,,Lewis (Jamal),Jamal_Lewis_276,Lewis (Jamal),Jamal_Lewis_513,Jamal Lewis
Lichtsteiner,,,Lichtsteiner,Stephan_Lichtsteiner_11,,,Lichtsteiner,,
Lindelof,Lindelof,Victor_Lindelˆf,Lindelof,Victor_Lindelˆf_292,Lindelof,Victor_Lindel√∂f_225,Lindelof,Victor_Lindelˆf_308,Victor Lindelˆf
Lingard,Lingard,Jesse_Lingard,Lingard,Jesse_Lingard_300,Lingard,Jesse_Lingard_241,Lingard,Jesse_Lingard_301,Jesse Lingard
Livermore,Livermore,Jake_Livermore,,,,,Livermore,Jake_Livermore_409,Jake Livermore
D Llorente,,,,,,,Diego Llorente,Diego_Llorente_549,Diego Llorente
F Llorente,Llorente,Fernando_Llorente,Llorente,Fernando_Llorente_371,,,F Llorente,,
Lloris,Lloris,Hugo_Lloris,Lloris,Hugo_Lloris_351,Lloris,Hugo_Lloris_340,Lloris,Hugo_Lloris_383,Hugo Lloris
Locadia,Locadia,J¸rgen_Locadia,Locadia,J¸rgen_Locadia_65,Locadia,J√ºrgen_Locadia_45,Locadia,,
Loftus-Cheek,Loftus-Cheek,Ruben_Loftus-Cheek,Loftus-Cheek,Ruben_Loftus-Cheek_132,Loftus-Cheek,Ruben_Loftus-Cheek_115,Loftus-Cheek,Ruben_Loftus-Cheek_115,Ruben Loftus-Cheek
Lolley,Lolley,Joe_Lolley,,,,,Lolley,,
K Long,Long (Kevin),Kevin_Long,Long (Kevin),Kevin_Long_73,Long (Kevin),Kevin_Long_88,Long (Kevin),Kevin_Long_85,Kevin Long
S Long,Long (Shane),Shane_Long,Long (Shane),Shane_Long_347,Long (Shane),Shane_Long_315,Long (Shane),Shane_Long_361,Shane Long
M Longstaff,,,,,Longstaff (Matthew),Matthew_Longstaff_540,Longstaff (Matthew),Matthew_Longstaff_487,Matthew Longstaff
S Longstaff,,,Longstaff,Sean_Longstaff_531,Longstaff (Sean),Sean_Longstaff_270,Longstaff (Sean),Sean_Longstaff_480,Sean Longstaff
Lookman,Lookman,Ademola_Lookman,Lookman,Ademola_Lookman_170,,Ademola_Lookman_155,Lookman,Ademola_Lookman_557,Ademola Lookman
Lossl,Lˆssl,Jonas_Lˆssl,Lˆssl,Jonas_Lˆssl_191,,,Lˆssl,,
Love,,,,,,,Love,,
Lovren,Lovren,Dejan_Lovren,Lovren,Dejan_Lovren_239,Lovren,Dejan_Lovren_186,Lovren,,
Lowe,Lowe,Chris_Lˆwe,Lowe,Chris_Lˆwe_193,,,Lowe,Max_Lowe_511,Max Lowe
Lowton,Lowton,Matthew_Lowton,Lowton,Matthew_Lowton_69,Lowton,Matthew_Lowton_85,Lowton,Matthew_Lowton_92,Matthew Lowton
Douglas Luiz,,,,,Douglas Luiz,Douglas Luiz_Soares de Paulo_470,Douglas Luiz,Douglas Luiz_Soares de Paulo_52,Douglas Luiz
Luiz,Luiz,David_Luiz Moreira Marinho,Luiz,David_Luiz Moreira Marinho_116,Luiz,David_Luiz Moreira Marinho_106,Luiz,David_Luiz Moreira Marinho_3,David Luiz
Lukaku,Lukaku,Romelu_Lukaku,Lukaku,Romelu_Lukaku_306,,Romelu_Lukaku_232,Lukaku,,
Lukebakio,Lukebakio,Dodi_Lukebakio,,,,,Lukebakio,,
Lumeka,Lumeka,Levi_Lumeka,,,,,Lumeka,,
Lundstram,,,,,Lundstram,John_Lundstram_297,Lundstram,John_Lundstram_355,John Lundstram
Maddison,,,Maddison,James_Maddison_233,Maddison,James_Maddison_171,Maddison,James_Maddison_231,James Maddison
Madine,,,Madine,Gary_Madine_109,,,Madine,,
F Maguire,,,,,,,Maguire (Frankie),Frankie_Maguire_670,Frankie Maguire
H Maguire,Maguire,Harry_Maguire,Maguire,Harry_Maguire_220,Maguire,Harry_Maguire_160,Maguire (Harry),Harry_Maguire_298,Harry Maguire
Mahrez,Mahrez,Riyad_Mahrez,Mahrez,Riyad_Mahrez_223,Mahrez,Riyad_Mahrez_217,Mahrez,Riyad_Mahrez_275,Riyad Mahrez
Maitland-Niles,Maitland-Niles,Ainsley_Maitland-Niles,Maitland-Niles,Ainsley_Maitland-Niles_20,Maitland-Niles,Ainsley_Maitland-Niles_4,Maitland-Niles,Ainsley_Maitland-Niles_15,Ainsley Maitland-Niles
Maja,,,,,,,Maja,Josh_Maja_665,Josh Maja
Malone,Malone,Scott_Malone,,Scott_Malone_196,,,Malone,,
Maloney,,,,,,,Maloney,,
Mandanda,,,,,,,Mandanda,,
Mane,Mane,Sadio_ManÈ,Mane,Sadio_ManÈ_251,Mane,Sadio_Man√©_192,Mane,Sadio_ManÈ_251,Sadio ManÈ
Manga,,,Ecuele Manga,Bruno_Ecuele Manga_92,,,Ecuele Manga,,
Mangala,Mangala,Eliaquim_Mangala,,,,,Mangala,,
Mannone,,,,,,,Mannone,,
Manquillo,Manquillo,Javier_Manquillo,Manquillo,Javier_Manquillo_315,Manquillo,Javier_Manquillo_256,Manquillo,Javier_Manquillo_332,Javier Manquillo
Marcal,,,,,,,MarÁal,Fernando_MarÁal_505,Fernando MarÁal
March,Solly March,Solomon_March,Solly March,Solomon_March_58,Solly March,Solomon_March_55,Solly March,Solomon_March_65,Solly March
Le Marchand,,,Le Marchand,Maxime_Le Marchand_455,,,Le Marchand,Maxime_Le Marchand_173,Maxime Le Marchand
Mari,,,,,MarÌ,Pablo_Mar√≠_617,MarÌ,Pablo_MarÌ_10,Pablo MarÌ
Mariappa,Mariappa,Adrian_Mariappa,Mariappa,Adrian_Mariappa_382,Mariappa,Adrian_Mariappa_356,Mariappa,,
Joao Mario,Jo„o M·rio,Jo„o M·rio_Naval Costa Eduardo,,,,,Jo„o M·rio,,
Markovic,,,Lazar Markovic,Lazar_Markovic_594,,,Lazar Markovic,,
Marney,,Dean_Marney,,,,,Marney,,
Marshall,,,,,,,Marshall,,
Martial,Martial,Anthony_Martial,Martial,Anthony_Martial_301,Martial,Anthony_Martial_239,Martial,Anthony_Martial_303,Anthony Martial
D Martin,,,,,Martin (David),David_Martin_553,Martin (David),David_Martin_429,
J Martin,,,,,Martin (Josh),Josh_Martin_632,Martin (Josh),,
Martina,Cuco Martina,Cuco_Martina,,Cuco_Martina_163,,Rhu-endly_Martina_577,Cuco Martina,,
Martinelli,,,,,Gabriel Martinelli,Gabriel Teodoro_Martinelli Silva_504,Gabriel Martinelli,Gabriel Teodoro_Martinelli Silva_26,Martinelli
Martinez,,Damian Emiliano_Martinez,,Emiliano_MartÌnez_542,Martinez,Emiliano_Mart√≠nez_427,Martinez,Emiliano_MartÌnez_12,Emiliano MartÌnez
Masina,,,Masina,Adam_Masina_386,Masina,Adam_Masina_355,Masina,,
B Mason,,Brandon_Mason,,,,,B Mason,,
R Mason,,,,,,,R Mason,,
Masuaku,Masuaku,Arthur_Masuaku,Masuaku,Arthur_Masuaku_410,Masuaku,Arthur_Masuaku_378,Masuaku,Arthur_Masuaku_442,Arthur Masuaku
Mata,Mata,Juan_Mata,Mata,Juan_Mata_297,Mata,Juan_Mata_242,Mata,Juan_Mata_290,Juan Mata
Mateta,,,,,,,Mateta,Jean-Philippe_Mateta_641,Jean-Philippe Mateta
Matic,Matic,Nemanja_Matic,Matic,Nemanja_Matic_296,Matic,Nemanja_Matic_247,Matic,Nemanja_Matic_295,Nemanja Mati?
Matip,Matip,Joel_Matip,Matip,Joel_Matip_243,Matip,Joel_Matip_185,Matip,Joel_Matip_246,JoÎl Matip
Maupay,,,,,Maupay,Neal_Maupay_502,Maupay,Neal_Maupay_68,Neal Maupay
Mavropanos,Mavropanos,Konstantinos_Mavropanos,Mavropanos,Konstantinos_Mavropanos_10,,Konstantinos_Mavropanos_8,Mavropanos,,
Mawson,Mawson,Alfie_Mawson,Mawson,Alfie_Mawson_487,,,Mawson,Alfie_Mawson_185,
Mbemba,Mbemba,Chancel_Mbemba,,Chancel_Mbemba_316,,,Mbemba,,
Mbenza,,,Mbenza,Isaac_Mbenza_514,,,Mbenza,,
Mbokani,,,,,,,Mbokani,,
McArthur,McArthur,James_McArthur,McArthur,James_McArthur_147,McArthur,James_McArthur_138,McArthur,James_McArthur_130,James McArthur
McAuley,McAuley,Gareth_McAuley,,,,,McAuley,,
McBurnie,McBurnie,Oliver_McBurnie,,,McBurnie,Oliver_McBurnie_501,McBurnie,Oliver_McBurnie_357,Oliver McBurnie
A McCarthy,McCarthy (Alex),Alex_McCarthy,McCarthy (Alex),Alex_McCarthy_328,McCarthy (Alex),Alex_McCarthy_318,McCarthy (Alex),Alex_McCarthy_363,Alex McCarthy
J McCarthy,McCarthy (James),James_McCarthy,McCarthy (James),James_McCarthy_166,McCarthy (James),James_McCarthy_157,McCarthy (James),James_McCarthy_131,James McCarthy
McClean,McClean,James_McClean,,,,,McClean,,
McDonald,,,McDonald,Kevin_McDonald_183,,,McDonald,Kevin_McDonald_172,
McGinn,,,,,McGinn,John_McGinn_31,McGinn,John_McGinn_38,John McGinn
McGoldrick,,,,,McGoldrick,David_McGoldrick_303,McGoldrick,David_McGoldrick_344,David McGoldrick
McGovern,,,,,McGovern,Michael_McGovern_281,McGovern,,
McLean,,,,,Kenny McLean,Kenny_McLean_286,Kenny McLean,,
McNair,,,,,,,McNair,,
McNeil,McNeil,Dwight_McNeil,McNeil,Dwight_McNeil_534,McNeil,Dwight_McNeil_97,McNeil,Dwight_McNeil_100,Dwight McNeil
McQueen,McQueen,Sam_McQueen,,Sam_McQueen_334,,,McQueen,,
McTominay,McTominay,Scott_McTominay,McTominay,Scott_McTominay_303,McTominay,Scott_McTominay_248,McTominay,Scott_McTominay_309,Scott McTominay
Mee,Mee,Ben_Mee,Mee,Ben_Mee_70,Mee,Ben_Mee_83,Mee,Ben_Mee_88,Ben Mee
Mendez-Laing,,,Mendez-Laing,Nathaniel_Mendez-Laing_100,,,Mendez-Laing,,
B Mendy,Mendy (Benjamin),Benjamin_Mendy,Mendy (Benjamin),Benjamin_Mendy_267,Mendy (Benjamin),Benjamin_Mendy_204,Mendy (Benjamin),Benjamin_Mendy_274,Benjamin Mendy
E Mendy,,,,,,,Mendy (Edouard),Edouard_Mendy_548,Edouard Mendy
N Mendy,,Nampalys_Mendy,Mendy (Nampalys),Nampalys_Mendy_527,Mendy (Nampalys),Nampalys_Mendy_179,Mendy (Nampalys),Nampalys_Mendy_518,Nampalys Mendy
Mengi,,,,,,,Mengi,Teden_Mengi_319,
Mepham,,,Mepham,Chris_Mepham_580,Mepham,Chris_Mepham_61,Mepham,,
Merino,Merino,Mikel_Merino,,Mikel_Merino_322,,,Merino,,
Mertesacker,Mertesacker,Per_Mertesacker,,,,,Mertesacker,,
Mesa,Mesa,Roque_Mesa,,,,,Mesa,,
Meslier,,,,,,,Meslier,Illan_Meslier_213,Illan Meslier
Meyer,,,Meyer,Max_Meyer_486,Meyer,Max_Meyer_136,Meyer,Max_Meyer_143,
Meyler,,,,,,,Meyler,,
Mignolet,Mignolet,Simon_Mignolet,,Simon_Mignolet_237,,Simon_Mignolet_190,Mignolet,,
Milivojevic,Milivojevic,Luka_Milivojevic,Milivojevic,Luka_Milivojevic_150,Milivojevic,Luka_Milivojevic_134,Milivojevic,Luka_Milivojevic_138,Luka Milivojevi?
Milner,Milner,James_Milner,Milner,James_Milner_254,Milner,James_Milner_200,Milner,James_Milner_241,James Milner
Miazek,,,,,,,Miazek,Kamil_Miazek_208,
Mina,,,Mina,Yerry_Mina_506,Mina,Yerry_Mina_142,Mina,Yerry_Mina_162,Yerry Mina
Minamino,,,,,Minamino,Takumi_Minamino_590,Minamino,Takumi_Minamino_258,Takumi Minamino
Mings,Mings,Tyrone_Mings,Mings,Tyrone_Mings_30,Mings,Tyrone_Mings_445,Mings,Tyrone_Mings_41,Tyrone Mings
Mirallas,Mirallas,Kevin_Mirallas,,Kevin_Mirallas_469,,,Mirallas,,
Mitchell,,,,,Mitchell,Tyrick_Mitchell_579,Mitchell,Tyrick_Mitchell_146,Tyrick Mitchell
Mitrovic,Mitrovic,Aleksandar_Mitrovic,Mitrovic,Aleksandar_Mitrovic_480,,,Mitrovic,Aleksandar_Mitrovi?_184,Aleksandar Mitrovi?
Mkhitaryan,Mkhitaryan,Henrikh_Mkhitaryan,Mkhitaryan,Henrikh_Mkhitaryan_18,Mkhitaryan,Henrikh_Mkhitaryan_16,Mkhitaryan,,
Moder,,,,,,,Moder,Jakub_Moder_628,Jakub Moder
Molumby,,,,,,,Molumby,Jayson_Molumby_550,Jayson Molumby
Monreal,Monreal,Nacho_Monreal,Monreal,Nacho_Monreal_5,Monreal,Nacho_Monreal_6,Monreal,,
Montero,,Jefferson_Montero,,,,,Montero,,
Montoya,,,Montoya,MartÌn_Montoya_503,Montoya,Mart√≠n_Montoya_38,Montoya,MartÌn_Montoya_63,
Moore,,,,,Moore (Simon),Simon_Moore_436,Moore (Simon),Simon_Moore_348,
Mooy,Mooy,Aaron_Mooy,Mooy,Aaron_Mooy_199,Mooy,Aaron_Mooy_516,Mooy,Aaron_Mooy_60,
Morata,Morata,¡lvaro_Morata,Morata,¡lvaro_Morata_134,,,Morata,,
Moreno,Moreno (Alberto),Alberto_Moreno,Moreno (Alberto),Alberto_Moreno_240,,,Moreno (Alberto),,
Morgan,Morgan,Wes_Morgan,Morgan,Wes_Morgan_215,Morgan,Wes_Morgan_165,Morgan,Wes_Morgan_216,Wes Morgan
Funes Mori,Funes Mori,Ramiro_Funes Mori,,,,,Funes Mori,,
J Morrison,Morrison,James_Morrison,,,,,Morrison,,
S Morrison,,,Morrison,Sean_Morrison_90,,,Morrison,,
R Morrison,,,,,Morrison,Ravel_Morrison_456,Morrison,,
Moses,Moses,Victor_Moses,Moses,Victor_Moses_117,,,Moses,,
Mounie,Mounie,Steve_Mounie,Mounie,Steve_Mounie_211,,,Mounie,,
Mount,,,,,Mount,Mason_Mount_463,Mount,Mason_Mount_120,Mason Mount
Moura,Lucas Moura,Lucas_Rodrigues Moura da Silva,Lucas Moura,Lucas_Rodrigues Moura da Silva_370,Lucas Moura,Lucas_Rodrigues Moura da Silva_345,Lucas Moura,Lucas_Rodrigues Moura da Silva_392,Lucas Moura
Mousset,Mousset,Lys_Mousset,Mousset,Lys_Mousset_44,Mousset,Lys_Mousset_70,Mousset,Lys_Mousset_359,Lys Mousset
Moutinho,,,Moutinho,Jo„o Filipe Iria_Santos Moutinho_475,Moutinho,Jo√£o Filipe Iria_Santos Moutinho_415,Moutinho,Jo„o Filipe Iria_Santos Moutinho_454,Jo„o Moutinho
Mumbongo,,,,,,,Mumbongo,Joel_Mumbongo_613,Joel Mumbongo
Muniesa,,Marc_Muniesa,,,,,Muniesa,,
Jacob Murphy,Jacob Murphy,Jacob_Murphy,Jacob Murphy,Jacob_Murphy_321,,Jacob_Murphy_483,Jacob Murphy,Jacob_Murphy_497,Jacob Murphy
Jamie Murphy,Murphy (Jamie),Jamie_Murphy,,,,,Murphy (Jamie),,
Josh Murphy,,,Josh Murphy,Josh_Murphy_106,,,Josh Murphy,,
Murray,Murray,Glenn_Murray,Murray,Glenn_Murray_62,Murray,Glenn_Murray_44,Murray,Glenn_Murray_53,
Musa,,Ahmed_Musa,,,,,Musa,,
Musonda,Charly Musonda,Charly_Musonda,,,,,Charly Musonda,,
Mustafi,Mustafi,Shkodran_Mustafi,Mustafi,Shkodran_Mustafi_7,Mustafi,Shkodran_Mustafi_1,Mustafi,Shkodran_Mustafi_7,Shkodran Mustafi
Mutch,,Jordon_Mutch,,,,,Mutch,,
Muto,,,Muto,Yoshinori_Muto_488,Muto,Yoshinori_Muto_260,Muto,Yoshinori_Muto_341,
Myhill,Myhill,Boaz_Myhill,,,,,Myhill,,
Nakamba,,,,,Nakamba,Marvelous_Nakamba_491,Nakamba,Marvelous_Nakamba_44,Marvelous Nakamba
Narsingh,Narsingh,Luciano_Narsingh,,,,,Narsingh,,
Nasri,,,Nasri,Samir_Nasri_569,,,Nasri,,
Naughton,Naughton,Kyle_Naughton,,,,,Naughton,,
Navarro,,,Navarro,Marc_Navarro_385,,Marc_Navarro_360,Navarro,,
Navas,,,,,,,Navas,,
Ndiaye,Ndiaye,Papa Alioune_Ndiaye,,,,,Ndiaye,Iliman_Ndiaye_656,
Ndidi,Ndidi,Wilfred_Ndidi,Ndidi,Wilfred_Ndidi_227,Ndidi,Wilfred_Ndidi_176,Ndidi,Wilfred_Ndidi_236,Wilfred Ndidi
NDombele,,,,,NDombele,Tanguy_Ndombele_442,NDombele,Tanguy_Ndombele_405,Tanguy Ndombele
Ndong,,Didier_Ndong,,,,,Ndong,,
Negredo,,,,,,,Negredo,,
Nelson,Nelson,Reiss_Nelson,,Reiss_Nelson_19,Nelson,Reiss_Nelson_489,Nelson,Reiss_Nelson_21,Reiss Nelson
Neto,,,,,Pedro Neto,Pedro_Lomba Neto_528,Neto,Pedro_Lomba Neto_474,Pedro Neto
Neves,,,Ruben Neves,R˙ben Diogo_da Silva Neves_433,Ruben Neves,R√∫ben Diogo_da Silva Neves_414,Ruben Neves,R˙ben Diogo_da Silva Neves_466,R˙ben Neves
Ngakia,,,,,Ngakia,Jeremy_Ngakia_593,Ngakia,,
Ngoy,Ngoy,Julien_Ngoy,,,,,Ngoy,,
Konsa,,,,,Konsa Ngoyo,Ezri_Konsa Ngoyo_452,Konsa Ngoyo,Ezri_Konsa Ngoyo_46,Ezri Konsa
Niang,,,,,,,Niang,,
Niasse,Niasse,Oumar_Niasse,Niasse,Oumar_Niasse_176,Niasse,Oumar_Niasse_570,Niasse,,
Nketiah,Eddie Nketiah,Edward_Nketiah,Eddie Nketiah,Edward_Nketiah_552,Eddie Nketiah,Edward_Nketiah_13,Eddie Nketiah,Edward_Nketiah_22,Eddie Nketiah
Nkoudou,Nkoudou,Georges-KÈvin_Nkoudou,Nkoudou,Georges-KÈvin_Nkoudou_497,Nkoudou,Georges-K√©vin_Nkoudou_527,Nkoudou,,
Nkounkou,,,,,,,Nkounkou,Niels_Nkounkou_559,Niels Nkounkou
Nlundulu,,,,,,,N'Lundulu,Daniel_N'Lundulu_590,Dan Nlundulu
Nmecha,Nmecha,Lukas_Nmecha,,,,,Nmecha,Felix_Nmecha_609,
Noble,Noble,Mark_Noble,Noble,Mark_Noble_411,Noble,Mark_Noble_396,Noble,Mark_Noble_427,Mark Noble
Nolito,,,,,,,Nolito,,
Nordfeldt,,Kristoffer_Nordfeldt,,,,,Nordfeldt,,
Nordtveit,,,Nordtveit,HÂvard_Nordtveit_593,,,Nordtveit,,
Norris,,,Norris,Will_Norris_422,,Will_Norris_413,Norris,Will_Norris_583,
Norwood,,Oliver_Norwood,,,Norwood,Oliver_Norwood_302,Norwood,Oliver_Norwood_349,Oliver Norwood
Nsue,,,,,,,Nsue,,
Nugent,,,,,,,Nugent,,
Nyland,,,,,Nyland,√òrjan_Nyland_27,Nyland,ÿrjan_Nyland_35,
Nyom,Nyom,Allan-RomÈo_Nyom,,,,,Nyom,,
Obafemi,Obafemi,Michael_Obafemi,Obafemi,Michael_Obafemi_550,Obafemi,Michael_Obafemi_314,Obafemi,Michael_Obafemi_381,Michael Obafemi
Obiang,Obiang,Pedro_Obiang,Obiang,Pedro_Obiang_413,,Pedro_Obiang_400,Obiang,,
O'Connell,,,,,O'Connell,Jack_O'Connell_293,O'Connell,Jack_O'Connell_354,Jack O'Connell
Odegaard,,,,,,,Odegaard,Martin_ÿdegaard_645,Martin ÿdegaard
Odoi,,,Odoi,Denis_Odoi_181,,,Odoi,Denis_Odoi_525,Denis Odoi
Odubeko,,,,,,,Odubeko,Ademipo_Odubeko_638,
Ogbonna,Ogbonna,Angelo_Ogbonna,Ogbonna,Angelo_Ogbonna_403,Ogbonna,Angelo_Ogbonna_377,Ogbonna,Angelo_Ogbonna_432,Angelo Ogbonna
Okaka,Okaka,Stefano_Okaka,Okaka,Stefano_Okaka_397,,,Okaka,,
Okazaki,Okazaki,Shinji_Okazaki,Okazaki,Shinji_Okazaki_235,,,Okazaki,,
Olsen,,,,,,,Olsen,Robin_Olsen_573,Robin Olsen
J Olsson,,,,,,,J Olsson,,
M Olsson,Olsson,Martin_Olsson,,,,,Olsson,,
O'Neill,,Aiden_O'Neill,,,,,O'Neill,,
Onomah,,,,,,,Onomah,Josh_Onomah_188,Josh Onomah
Origi,Origi,Divock_Origi,Origi,Divock_Origi_543,Origi,Divock_Origi_188,Origi,Divock_Origi_256,Divock Origi
Osborn,,,,,Osborn,Ben_Osborn_472,Osborn,Ben_Osborn_356,Ben Osborn
Oscar,,,,,,,Oscar,,
O'Shea,,,,,,,O'Shea,Dara_O'Shea_425,Dara O'Shea
Ospina,Ospina,David_Ospina,,,,,Ospina,,
Otamendi,Otamendi,Nicol·s_Otamendi,Otamendi,Nicol·s_Otamendi_264,Otamendi,Nicol√°s_Otamendi_208,Otamendi,Nicol·s_Otamendi_269,
Otasowie,,,,,,,Otasowie,Owen_Otasowie_581,Owen Otasowie
Oviedo,,,,,,,Oviedo,,
Ox,Oxlade-Chamberlain,Alex_Oxlade-Chamberlain,Oxlade-Chamberlain,Alex_Oxlade-Chamberlain_248,Oxlade-Chamberlain,Alex_Oxlade-Chamberlain_193,Oxlade-Chamberlain,Alex_Oxlade-Chamberlain_248,Alex Oxlade-Chamberlain
Oxford,Oxford,Reece_Oxford,,Reece_Oxford_407,,,Oxford,,
Ozil,Ozil,Mesut_÷zil,Ozil,Mesut_÷zil_13,Ozil,Mesut_√ñzil_15,Ozil,,
Palmer,Palmer (Kasey),Kasey_Palmer,,,,Cole_Palmer_643,Palmer (Kasey),Cole_Palmer_552,
Pantilimon,,Costel_Pantilimon,,,,,Pantilimon,,
Parrott,,,,,Parrott,Troy_Parrott_509,Parrott,,
Partey,,,,,,,Partey,Thomas_Partey_567,Thomas Partey
Paterson,,,Paterson,Callum_Paterson_101,,,Paterson,,
Patricio,,,Rui PatrÌcio,Rui Pedro_dos Santos PatrÌcio_454,Rui PatrÌcio,Rui Pedro_dos Santos Patr√≠cio_411,Rui PatrÌcio,Rui Pedro_dos Santos PatrÌcio_455,Rui PatrÌcio
Payet,,,,,,,Payet,,
Peacock-Farrell,,,,,,Bailey_Peacock-Farrell_495,Peacock-Farrell,Bailey_Peacock-Farrell_99,Bailey Peacock-Farrell
Joao Pedro,,,,,Jo„o Pedro,Jo√£o Pedro_Junqueira de Jesus_592,Jo„o Pedro,,
Pedro,Pedro,Pedro_RodrÌguez Ledesma,Pedro,Pedro_RodrÌguez Ledesma_125,Pedro,Pedro_Rodr√≠guez Ledesma_114,Pedro,Pedro_Lomba Neto_474,
Peltier,,,Peltier,Lee_Peltier_95,,,Peltier,Lee_Peltier_600,Lee Peltier
Pennington,,Matthew_Pennington,,,,,Pennington,,
Pepe,,,,,Pepe,Nicolas_P√©p√©_488,Pepe,Nicolas_PÈpÈ_18,Nicolas PÈpÈ
A Pereira,,Andreas_Pereira,Pereira (Andreas),Andreas_Pereira_481,Pereira,Andreas_Pereira_246,Pereira,Andreas_Pereira_304,
D Pereira,,,,,,,D Pereira,,
M Pereira,,,,,,,Matheus Pereira,Matheus_Pereira_481,Matheus Pereira
R Pereira,,,Ricardo Pereira,Ricardo Domingos_Barbosa Pereira_221,Ricardo Pereira,Ricardo Domingos_Barbosa Pereira_159,Ricardo Pereira,Ricardo Domingos_Barbosa Pereira_226,Ricardo Pereira
Pereyra,Pereyra,Roberto_Pereyra,Pereyra,Roberto_Pereyra_391,Pereyra,Roberto_Pereyra_369,Pereyra,,
Perez,Ayoze PÈrez,Ayoze_PÈrez,Ayoze PÈrez,Ayoze_PÈrez_326,Ayoze PÈrez,Ayoze_P√©rez_265,Ayoze PÈrez,Ayoze_PÈrez_229,Ayoze PÈrez
Lucas PÈrez,,Lucas_PÈrez,Lucas PÈrez,Lucas_PÈrez_502,,,Lucas PÈrez,,
K Phillips,,,,,,,Phillips (Kalvin),Kalvin_Phillips_204,Kalvin Phillips
M Phillips,Phillips (Matthew),Matt_Phillips,,,,,Phillips (Matthew),Matt_Phillips_411,Matt Phillips
N Phillips,,,,,,Nathaniel_Phillips_589,Phillips (Nathaniel),Nathaniel_Phillips_589,Nathaniel Phillips
Pickford,Pickford,Jordan_Pickford,Pickford,Jordan_Pickford_154,Pickford,Jordan_Pickford_148,Pickford,Jordan_Pickford_157,Jordan Pickford
Pied,Pied,JÈrÈmy_Pied,,,,,Pied,,
Pienaar,,,,,,,Pienaar,,
Pierrick,,,,,Pierrick,Brandon_Pierrick_580,Pierrick,Brandon_Pierrick_147,
Pieters,Pieters,Erik_Pieters,,,Pieters,Erik_Pieters_447,Pieters,Erik_Pieters_83,Erik Pieters
Podence,,,,,Daniel Podence,Daniel_Castelo Podence_619,Podence,Daniel_Castelo Podence_469,Daniel Podence
Pogba,Pogba,Paul_Pogba,Pogba,Paul_Pogba_302,Pogba,Paul_Pogba_238,Pogba,Paul_Pogba_296,Paul Pogba
Pope,Pope,Nick_Pope,,Nick_Pope_68,Pope,Nick_Pope_93,Pope,Nick_Pope_96,Nick Pope
Poveda,,,,,,,Poveda-Ocampo,Ian Carlo_Poveda-Ocampo_209,Ian Carlo Poveda
Praet,,,,,Praet,Dennis_Praet_517,Praet,Dennis_Praet_225,Dennis Praet
Pritchard,Pritchard,Alex_Pritchard,Pritchard,Alex_Pritchard_206,,,Pritchard,,
Prodl,Prˆdl,Sebastian_Prˆdl,Prˆdl,Sebastian_Prˆdl_377,Prˆdl,Sebastian_Pr√∂dl_361,Prˆdl,,
Propper,Prˆpper,Davy_Prˆpper,Prˆpper,Davy_Prˆpper_60,Prˆpper,Davy_Pr√∂pper_54,Prˆpper,Davy_Prˆpper_59,Davy Prˆpper
Pugh,Pugh,Marc_Pugh,,Marc_Pugh_34,,,Pugh,,
Pukki,,,,,Pukki,Teemu_Pukki_278,Pukki,,
Pulisic,,,,,Pulisic,Christian_Pulisic_431,Pulisic,Christian_Pulisic_119,Christian Pulisic
Puncheon,Puncheon,Jason_Puncheon,Puncheon,Jason_Puncheon_146,,,Puncheon,,
Pussetto,,,,,Pussetto,Ignacio_Pussetto_604,Pussetto,,
Quaner,Quaner,Collin_Quaner,Quaner,Collin_Quaner_209,,,Quaner,,
Quina,,Domingos_Quina,Quina,Domingos_Quina_517,Quina,Domingos_Quina_375,Quina,,
Ralls,,,Ralls,Joe_Ralls_98,,,Ralls,,
Ramirez,Ramirez,Sandro_RamÌrez,,Sandro_RamÌrez_470,,,Ramirez,,
Ramsay,,,Ramsay,Kayne_Ramsay_565,,Kayne_Ramsay_311,Ramsay,Kayne_Ramsay_598,Kayne Ramsey
Ramsdale,,Aaron_Ramsdale,,,Ramsdale,Aaron_Ramsdale_494,Ramsdale,Aaron_Ramsdale_483,Aaron Ramsdale
A Ramsey,Ramsey,Aaron_Ramsey,Ramsey,Aaron_Ramsey_14,,,Ramsey,,
J Ramsey,,,,,,,Jacob Ramsey,Jacob_Ramsey_554,Jacob Ramsey
Randolph,,Darren_Randolph,,,Randolph,Darren_Randolph_606,Randolph,Darren_Randolph_430,Darren Randolph
Rangel,Rangel,Angel_Rangel,,,,,Rangel,,
Ranocchia,,,,,,,Ranocchia,,
Raphinha,,,,,,,Raphinha,Raphael_Dias Belloli_570,Raphael Dias Belloli
Rashford,Rashford,Marcus_Rashford,Rashford,Marcus_Rashford_305,Rashford,Marcus_Rashford_233,Rashford,Marcus_Rashford_306,Marcus Rashford
Ream,,,Ream,Tim_Ream_180,,,Ream,Tim_Ream_176,Tim Ream
Redmond,Redmond,Nathan_Redmond,Redmond,Nathan_Redmond_343,Redmond,Nathan_Redmond_320,Redmond,Nathan_Redmond_365,Nathan Redmond
Reed,,,,,,,Reed,Harrison_Reed_373,Harrison Reed
Reguilon,,,,,,,ReguilÛn,Sergio_ReguilÛn_542,Sergio ReguilÛn
B Reid,,,Reid (Bobby),Bobby_Reid_110,,,Reid (Bobby),Bobby_Decordova-Reid_181,Bobby Reid
W Reid,Reid,Winston_Reid,,Winston_Reid_401,,Winston_Reid_383,Reid,,
Reina,,,,,Reina,Jos√©_Reina_603,Reina,,
Remy,,,,,,,Remy,,
Rhodes,,,,,,,Rhodes,,
Rice,Rice,Declan_Rice,Rice,Declan_Rice_406,Rice,Declan_Rice_395,Rice,Declan_Rice_448,Declan Rice
Richards,,,Richards (Ashley),Ashley Darel Jazz_Richards_96,,,Richards (Ashley),Lewis_Richards_615,
Richardson,,,,,,,Richardson,Lewis_Richardson_592,Lewis Richardson
Richarlison,Richarlison,Richarlison_de Andrade,Richarlison,Richarlison_de Andrade_393,Richarlison,Richarlison_de Andrade_150,Richarlison,Richarlison_de Andrade_166,Richarlison
D Rico,,,Rico,Diego_Rico_473,Rico,Diego_Rico_65,Rico,,
S Rico,,,Sergio Rico,Sergio_Rico_509,,,Sergio Rico,,
Riedewald,Riedewald,Jairo_Riedewald,,Jairo_Riedewald_144,Riedewald,Jairo_Riedewald_539,Riedewald,Jairo_Riedewald_144,JaÔro Riedewald
Ritchie,Ritchie,Matt_Ritchie,Ritchie,Matt_Ritchie_317,Ritchie,Matt_Ritchie_251,Ritchie,Matt_Ritchie_322,Matt Ritchie
Roberto,,,,,JimÈnez,Roberto_Jimenez Gago_450,JimÈnez,,
C Roberts,Roberts (Connor),Connor_Roberts,,,,,Roberts (Connor),,
P Roberts,,,,,Roberts (Patrick),Patrick_Roberts_435,Roberts (Patrick),,
T Roberts,,,,,,,Roberts (Tyler),Tyler_Roberts_206,Tyler Roberts
Robertson,Robertson,Andrew_Robertson,Robertson,Andrew_Robertson_247,Robertson,Andrew_Robertson_181,Robertson,Andrew_Robertson_255,Andrew Robertson
A Robinson,,,,,,,Robinson (Antonee),Antonee_Robinson_484,Antonee Robinson
C Robinson,,,,,Robinson (Callum),Callum_Robinson_453,Robinson (Callum),Callum_Robinson_358,Callum Robinson
J Robinson,,,,,Robinson (Jack),Jack_Robinson_611,Robinson (Jack),Jack_Robinson_352,Jack Robinson
P Robinson,,Paul_Robinson,,,,,P Robinson,,
Robles,,Joel_Robles,,,,,Robles,,
Robson-Kanu,Robson-Kanu,Hal_Robson-Kanu,,,,,Robson-Kanu,Hal_Robson-Kanu_408,Hal Robson-Kanu
Rodak,,,,,,,Rod·k,Marek_Rod·k_186,Marek Rod·k
Rodon,,,,,,,Rodon,Joe_Rodon_584,Joe Rodon
Rodri,,,,,Rodri,Rodrigo_Hernandez_443,Rodri,Rodrigo_Hernandez_286,Rodri
Rodrigo,,,,,,,Rodrigo,Rodrigo_Moreno_492,Rodrigo
James Rodriguez,,,,,,,RodrÌguez,James_RodrÌguez_508,James RodrÌguez
Jay Rodriguez,Rodriguez,Jay_Rodriguez,,,Rodriguez,Jay_Rodriguez_451,Rodriguez,Jay_Rodriguez_86,Jay Rodriguez
Rodwell,,,,,Rodwell,Jack_Rodwell_591,Rodwell,,
Rojo,Rojo,Marcos_Rojo,Rojo,Marcos_Rojo_287,Rojo,Marcos_Rojo_227,Rojo,Marcos_Rojo_294,
Romero,Romero,Sergio_Romero,,Sergio_Romero_283,,Sergio_Romero_236,Romero,Sergio_Romero_289,
Romeu,Romeu,Oriol_Romeu Vidal,Romeu,Oriol_Romeu Vidal_339,Romeu,Oriol_Romeu Vidal_328,Romeu,Oriol_Romeu Vidal_364,Oriol Romeu
Rondon,RondÛn,SalomÛn_RondÛn,RondÛn,SalomÛn_RondÛn_493,,,RondÛn,,
Rooney,Rooney,Wayne_Rooney,,,,,Rooney,,
Rose,Rose (Danny),Danny_Rose,Rose,Danny_Rose_354,Rose,Danny_Rose_332,Rose,Danny_Rose_384,
Rosenior,Rosenior,Liam_Rosenior,,,,,Rosenior,,
Routledge,Routledge,Wayne_Routledge,,,,,Routledge,,
Rowe,,,Rowe,Aaron_Rowe_607,,,Rowe,,
Ruddy,,,Ruddy,John_Ruddy_421,,John_Ruddy_412,Ruddy,John_Ruddy_453,
Rudiger,R¸diger,Antonio_R¸diger,R¸diger,Antonio_R¸diger_118,R¸diger,Antonio_R√ºdiger_104,R¸diger,Antonio_R¸diger_109,Antonio R¸diger
Runarsson,,,,,,,R˙narsson,R˙nar Alex_R˙narsson_547,R˙nar Alex R˙narsson
Rupp,,,,,Rupp,Lukas_Rupp_602,Rupp,,
Ryan,Mat Ryan,Mathew_Ryan,Mat Ryan,Mathew_Ryan_47,Mat Ryan,Mathew_Ryan_47,Mat Ryan,Mathew_Ryan_70,Mathew Ryan
Sabiri,Sabiri,Abdelhamid_Sabiri,Sabiri,Abdelhamid_Sabiri_205,,,Sabiri,,
Sagna,,,,,,,Sagna,,
Saint-Maximin,,,,,Saint-Maximin,Allan_Saint-Maximin_500,Saint-Maximin,Allan_Saint-Maximin_338,Allan Saint-Maximin
Saiss,,,Saiss,Romain_SaÔss_426,Saiss,Romain_Sa√Øss_407,Saiss,Romain_SaÔss_461,Romain SaÔss
Saivet,Saivet,Henri_Saivet,,,,,Saivet,,
Saka,,,Saka,Bukayo_Saka_563,Saka,Bukayo_Saka_541,Saka,Bukayo_Saka_24,Bukayo Saka
D Sakho,Sakho (Diafra),Diafra_Sakho,,,,,Sakho (Diafra),,
M Sakho,Sakho (Mamadou),Mamadou_Sakho,Sakho,Mamadou_Sakho_143,Sakho,Mamadou_Sakho_125,Sakho,Mamadou_Sakho_127,Mamadou Sakho
Sako,Sako,Bakary_Sako,Sako,Bakary_Sako_148,,,Sako,,
Salah,Salah,Mohamed_Salah,Salah,Mohamed_Salah_253,Salah,Mohamed_Salah_191,Salah,Mohamed_Salah_254,Mohamed Salah
Saliba,,,,,,,Saliba,William_Saliba_27,
Salisu,,,,,,,Salisu,Mohammed_Salisu_479,Mohammed Salisu
Samatta,,,,,Samatta,Mbwana_Samatta_613,Samatta,Mbwana_Samatta_49,
Sanches,Sanches,Renato_Sanches,,,,,Sanches,,
A Sanchez,Sanchez,Alexis_S·nchez,Sanchez,Alexis_S·nchez_295,,Alexis_S√°nchez_240,,,
C Sanchez,,,S·nchez (Carlos),Carlos_S·nchez_518,S·nchez (Carlos),Carlos_S√°nchez_397,S·nchez (Carlos),,
D Sanchez,DSanchez,Davinson_S·nchez,DSanchez,Davinson_S·nchez_359,DSanchez,Davinson_S√°nchez_333,DSanchez,Davinson_S·nchez_398,Davinson S·nchez
R Sanchez,,,,,,,Sanchez,Robert_S·nchez_597,Robert S·nchez
Sane,Sane,Leroy_SanÈ,Sane,Leroy_SanÈ_275,Sane,Leroy_San√©_216,Sane,,
Sanson,,,,,,,Sanson,Morgan_Sanson_647,Morgan Sanson
Sarkic,,,,,,,Sarkic,Matija_Sarkic_472,
Sarr,,,,,Ismaila Sarr,Isma√Øla_Sarr_525,Ismaila Sarr,,
Sawyers,,,,,,,Sawyers,Romaine_Sawyers_413,Romaine Sawyers
Scarlett,,,,,,,Scarlett,Dane_Scarlett_666,Dane Scarlett
Schar,,,Sch‰r,Fabian_Sch‰r_482,Sch‰r,Fabian_Sch√§r_252,Sch‰r,Fabian_Sch‰r_334,Fabian Sch‰r
Schelotto,Schelotto,Ezequiel_Schelotto,,Ezequiel_Schelotto_53,Schelotto,Ezequiel_Schelotto_546,Schelotto,,
Schindler,Schindler,Christopher_Schindler,Schindler,Christopher_Schindler_192,,,Schindler,,
Schlupp,Schlupp,Jeffrey_Schlupp,Schlupp,Jeffrey_Schlupp_141,Schlupp,Jeffrey_Schlupp_137,Schlupp,Jeffrey_Schlupp_142,Jeffrey Schlupp
Schmeichel,Schmeichel,Kasper_Schmeichel,Schmeichel,Kasper_Schmeichel_213,Schmeichel,Kasper_Schmeichel_168,Schmeichel,Kasper_Schmeichel_217,Kasper Schmeichel
Schneiderlin,Schneiderlin,Morgan_Schneiderlin,Schneiderlin,Morgan_Schneiderlin_167,Schneiderlin,Morgan_Schneiderlin_158,Schneiderlin,,
Schurrle,,,Sch¸rrle,AndrÈ_Sch¸rrle_478,,,Sch¸rrle,,
Sema,,,Sema,Ken_Sema_446,,Ken_Sema_372,Sema,,
Semedo,,,,,,,Semedo,NÈlson_Cabral Semedo_546,NÈlson Semedo
Seri,,,Seri,Jean Michael_Seri_456,,,Seri,Jean MichaÎl_Seri_189,
Sessegnon,,,Ryan Sessegnon,Ryan_Sessegnon_184,Ryan Sessegnon,Ryan_Sessegnon_524,Ryan Sessegnon,,
Shackleton,,,,,,,Shackleton,Jamie_Shackleton_210,Jamie Shackleton
Shaqiri,Shaqiri,Xherdan_Shaqiri,Shaqiri,Xherdan_Shaqiri_462,Shaqiri,Xherdan_Shaqiri_194,Shaqiri,Xherdan_Shaqiri_247,Xherdan Shaqiri
Sharp,,,,,Sharp,Billy_Sharp_298,Sharp,Billy_Sharp_343,Billy Sharp
Shaw,Shaw,Luke_Shaw,Shaw,Luke_Shaw_286,Shaw,Luke_Shaw_226,Shaw,Luke_Shaw_300,Luke Shaw
Shawcross,Shawcross,Ryan_Shawcross,,,,,Shawcross,,
Shelvey,Shelvey,Jonjo_Shelvey,Shelvey,Jonjo_Shelvey_318,Shelvey,Jonjo_Shelvey_269,Shelvey,Jonjo_Shelvey_321,Jonjo Shelvey
Shoretire,,,,,,,Shoretire,Shola_Shoretire_673,Shola Shoretire
Sidibe,,,,,Sidibe,Djibril_Sidib√©_511,Sidibe,,
Sigurdsson,Sigurdsson,Gylfi_Sigurdsson,Sigurdsson,Gylfi_Sigurdsson_172,Sigurdsson,Gylfi_Sigurdsson_151,Sigurdsson,Gylfi_Sigurdsson_150,Gylfi Sigursson
A Silva,Adrien Silva,Adrien Sebastian_Perruchet Silva,Adrien Silva,Adrien Sebastian_Perruchet Silva_231,,,Adrien Silva,Adrien_Silva_220,
B Silva,Bernardo Silva,Bernardo Mota_Veiga de Carvalho e Silva,Bernardo Silva,Bernardo Mota_Veiga de Carvalho e Silva_276,Bernardo Silva,Bernardo Mota_Veiga de Carvalho e Silva_218,Bernardo Silva,Bernardo Mota_Veiga de Carvalho e Silva_281,Bernardo Silva
D Silva,Silva,David_Silva,Silva,David_Silva_271,Silva,David_Silva_219,Silva,,
T Silva,,,,,,,Thiago Silva,Thiago_Thiago_490,Thiago Silva
X Silva,,,Xande Silva,Alexandre Nascimento_Costa Silva_560,,Alexandre Nascimento_Costa Silva_387,Xande Silva,,
D Simpson,Simpson (Danny),Danny_Simpson,Simpson (Danny),Danny_Simpson_217,,,Simpson (Danny),,
J Simpson,Simpson (Jack),Jack_Simpson,Simpson (Jack),Jack_Simpson_32,Simpson,Jack_Simpson_66,Simpson,,
Sims,Josh Sims,Joshua_Sims,Josh Sims,Joshua_Sims_342,,,Josh Sims,Josh_Sims_374,
Sinclair,Sinclair,Jerome_Sinclair,,Jerome_Sinclair_398,,,Sinclair,,
Sissoko,Sissoko,Moussa_Sissoko,Sissoko,Moussa_Sissoko_369,Sissoko,Moussa_Sissoko_349,Sissoko,Moussa_Sissoko_385,Moussa Sissoko
Skipp,,,Skipp,Oliver_Skipp_540,Skipp,Oliver_Skipp_352,Skipp,Oliver_Skipp_404,
Slattery,,,Slattery,Callum_Slattery_570,,Callum_Slattery_327,Slattery,,
Slimani,Slimani,Islam_Slimani,,,,,Slimani,Islam_Slimani_579,Islam Slimani
Smallbone,,,,,Smallbone,William_Smallbone_584,Smallbone,William_Smallbone_379,William Smallbone
Smalling,Smalling,Chris_Smalling,Smalling,Chris_Smalling_284,,Chris_Smalling_223,Smalling,Chris_Smalling_292,
A Smith,A Smith,Adam_Smith,A Smith,Adam_Smith_29,A Smith,Adam_Smith_63,A Smith,,
B Smith,,Bradley_Smith,,,,,B Smith,,
T Smith,Smith (Tommy),Tommy_Smith,Smith (Tommy),Tommy_Smith_194,,,Smith (Tommy),,
Smith-Rowe,,,,Emile_Smith-Rowe_545,Smith-Rowe,Emile_Smith Rowe_576,Smith-Rowe,Emile_Smith Rowe_23,Emile Smith-Rowe
Snodgrass,,Robert_Snodgrass,Snodgrass,Robert_Snodgrass_489,Snodgrass,Robert_Snodgrass_393,Snodgrass,Robert_Snodgrass_428,Robert Snodgrass
Sobhi,Ramadan Sobhi,Ramadan_Sobhi,Ramadan Sobhi,Ramadan_Sobhi_207,,,Ramadan Sobhi,,
Sokratis,,,Sokratis,Sokratis_Papastathopoulos_12,Sokratis,Sokratis_Papastathopoulos_5,Sokratis,Sokratis_Papastathopoulos_2,
Solanke,Solanke,Dominic_Solanke,Solanke,Dominic_Solanke_259,Solanke,Dominic_Solanke_69,Solanke,,
Son,Son,Heung-Min_Son,Son,Heung-Min_Son_367,Son,Heung-Min_Son_342,Son,Heung-Min_Son_390,Son Heung-min
Sorenson,Sorenson,Lasse_Sorenson,,,,,Sorenson,,
Sorloth,S¯rloth,Alexander_S¯rloth,S¯rloth,Alexander_S¯rloth_153,,,S¯rloth,,
Souare,SouarÈ,Pape_SouarÈ,SouarÈ,Pape_SouarÈ_443,,,SouarÈ,,
Soucek,,,,,Soucek,Tomas_Soucek_616,Soucek,Tomas_Soucek_449,Tom·ö Sou?ek
Soyuncu,,,Sˆy¸nc¸,Caglar_Sˆy¸nc¸_515,Sˆy¸nc¸,√áaglar_S√∂y√ºnc√º_164,Sˆy¸nc¸,«aglar_Sˆy¸nc¸_238,«a?lar Sˆy¸nc¸
Speroni,Speroni,Julian_Speroni,Speroni,Julian_Speroni_136,,,Speroni,,
Srbeny,,,,,Srbeny,Dennis_Srbeny_279,Srbeny,,
Stacey,,,,,Stacey,Jack_Stacey_446,Stacey,,
Stafylidis,Stafylidis,Konstantinos_Stafylidis,,,,,Stafylidis,,
Stanislas,Stanislas,Junior_Stanislas,Stanislas,Junior_Stanislas_36,Stanislas,Junior_Stanislas_77,Stanislas,,
Stankovic,,Jon Gorenc_Stankovic,Stankovic,Jon Gorenc_Stankovic_522,,,Stankovic,,
Steer,,,,,Steer,Jed_Steer_429,Steer,Jed_Steer_32,
Steffen,,,,,,,Steffen,Zack_Steffen_538,Zack Steffen
Stekelenburg,,Maarten_Stekelenburg,,Maarten_Stekelenburg_155,,Maarten_Stekelenburg_149,Stekelenburg,,
D Stephens,Stephens (Dale),Dale_Stephens,Stephens (Dale),Dale_Stephens_56,Stephens (Dale),Dale_Stephens_57,Stephens (Dale),Dale_Stephens_55,Dale Stephens
J Stephens,Stephens (Jack),Jack_Stephens,Stephens (Jack),Jack_Stephens_333,Stephens (Jack),Jack_Stephens_308,Stephens (Jack),Jack_Stephens_367,Jack Stephens
Sterling,Sterling (Raheem),Raheem_Sterling,Sterling (Raheem),Raheem_Sterling_270,Sterling (Raheem),Raheem_Sterling_214,Sterling,Raheem_Sterling_276,Raheem Sterling
Stevens,,,,,Stevens,Enda_Stevens_291,Stevens (Enda),Enda_Stevens_347,Enda Stevens
Stewart,,Carl_Stewart,,,,,Stewart,,
Stiepermann,,,,,Stiepermann,Marco_Stiepermann_285,Stiepermann,,
Stones,Stones,John_Stones,Stones,John_Stones_262,Stones,John_Stones_207,Stones,John_Stones_273,John Stones
Struijk,,,,,,,Struijk,Pascal_Struijk_211,Pascal Struijk
Stuani,,,,,,,Stuani,,
Sturridge,Sturridge,Daniel_Sturridge,Sturridge,Daniel_Sturridge_472,,,Sturridge,,
Suarez,,,Su·rez,Denis_Su·rez_586,,,Su·rez,,
Success,,Isaac_Success,Isaac Success,Isaac_Success Ajayi_524,Isaac Success,Isaac_Success Ajayi_365,Isaac Success,,
Ki Sung-Yueng,Ki Sung-Yueng,Sung-yueng_Ki,Ki Sung-Yueng,Sung-yueng_Ki_324,Ki Sung-Yueng,Sung-yueng_Ki_268,Ki Sung-Yueng,,
Surman,Surman,Andrew_Surman,Surman,Andrew_Surman_35,Surman,Andrew_Surman_80,Surman,,
Surridge,,,Surridge,Sam_Surridge_599,Surridge,Sam_Surridge_71,Surridge,,
Suttner,Suttner,Markus_Suttner,,Markus_Suttner_52,,,Suttner,,
Tadic,Tadic,Dusan_Tadic,,,,,Tadic,,
Tanganga,,,,,Tanganga,Japhet_Tanganga_583,Tanganga,Japhet_Tanganga_402,Japhet Tanganga
Targett,Targett,Matt_Targett,Targett,Matt_Targett_479,Targett,Matt_Targett_309,Targett,Matt_Targett_42,Matt Targett
Tarkowski,Tarkowski,James_Tarkowski,Tarkowski,James_Tarkowski_72,Tarkowski,James_Tarkowski_84,Tarkowski,James_Tarkowski_81,James Tarkowski
Tau,,,,,,,Tau,Percy_Tau_627,Percy Tau
Tavares,,,,,,,Tavares (Sidnei),Sidnei_Tavares_676,Sidnei Tavares
C Taylor,Taylor (Charlie),Charlie_Taylor,Taylor (Charlie),Charlie_Taylor_74,Taylor (Charlie),Charlie_Taylor_87,Taylor (Charlie),Charlie_Taylor_97,Charlie Taylor
N Taylor,,,,,Taylor (Neil),Neil_Taylor_24,Taylor (Neil),Neil_Taylor_31,Neil Taylor
Tchaptchet,,,,,,,Tchaptchet,Allan_Tchaptchet_635,Allan Tchaptchet
Tella,,,,,Tella,Nathan_Tella_633,Tella,Nathan_Tella_524,Nathan Tella
Telles,,,,,,,Alex Telles,Alex Nicolao_Telles_568,Alex Telles
Terry,,,,,,,Terry,,
Tete,,,,,,,Tete,Kenny_Tete_517,Kenny Tete
Tettey,,,,,Tettey,Alexander_Tettey_289,Tettey,,
Thiago,,,,,,,Thiago Alc·ntara,Thiago_Alc·ntara do Nascimento_531,Thiago Alc·ntara
J Thomas,,,,,Thomas (Jordan),Jordan_Thomas_650,Thomas (Jordan),,
L Thomas,,,,,Thomas (Luke),Luke_Thomas_660,Thomas (Luke),Luke_Thomas_240,Luke Thomas
Thompson,,,,,Thompson (Max),Max_Thompson_640,Thompson (Max),Max_Thompson_591,
Tielemans,,,Tielemans,Youri_Tielemans_591,Tielemans,Youri_Tielemans_448,Tielemans,Youri_Tielemans_228,Youri Tielemans
Tierney,,,,,Tierney,Kieran_Tierney_515,Tierney,Kieran_Tierney_17,Kieran Tierney
Tomkins,Tomkins,James_Tomkins,Tomkins,James_Tomkins_138,Tomkins,James_Tomkins_124,Tomkins,James_Tomkins_129,James Tomkins
Tomori,,Fikayo_Tomori,,,Tomori,Fikayo_Tomori_529,Tomori,Fikayo_Tomori_121,Fikayo Tomori
Tore,,,,,,,Tore,,
Torreira,,,Torreira,Lucas_Torreira_450,Torreira,Lucas_Torreira_19,Torreira,Lucas_Torreira_19,
Torres,,,,,,,Torres,Ferran_Torres_287,Ferr·n Torres
Tosun,Tosun,Cenk_Tosun,Tosun,Cenk_Tosun_177,Tosun,Cenk_Tosun_146,Tosun,Cenk_Tosun_153,Cenk Tosun
Toure,TourÈ,Gnegneri Yaya_TourÈ,,,,,TourÈ,,
A Townsend,Townsend,Andros_Townsend,Townsend,Andros_Townsend_149,Townsend,Andros_Townsend_135,Townsend (Andros),Andros_Townsend_137,Andros Townsend
C Townsend,,,,,,,Townsend (Conor),Conor_Townsend_418,Conor Townsend
A Traore,,,TraorÈ,Adama_TraorÈ_500,TraorÈ,Adama_Traor√©_417,TraorÈ,Adama_TraorÈ_465,Adama TraorÈ
B Traore,,,,,,,Traore (Bertrand),Bertrand_TraorÈ_540,Bertrand TraorÈ
Travers,,,Travers,Mark_Travers_616,Travers,Mark_Travers_74,Travers,,
Trent,Alexander-Arnold,Trent_Alexander-Arnold,Alexander-Arnold,Trent_Alexander-Arnold_245,Alexander-Arnold,Trent_Alexander-Arnold_182,Alexander-Arnold,Trent_Alexander-Arnold_259,Trent Alexander-Arnold
Trezeguet,,,,,Trezeguet,Mahmoud Ahmed_Ibrahim Hassan_465,Trezeguet,Mahmoud Ahmed_Ibrahim Hassan_40,TrÈzÈguet
Trippier,Trippier,Kieran_Trippier,Trippier,Kieran_Trippier_357,,Kieran_Trippier_334,Trippier,,
Trossard,,,,,Trossard,Leandro_Trossard_421,Trossard,Leandro_Trossard_69,Leandro Trossard
Trybull,,,,,Trybull,Tom_Trybull_290,Trybull,,
Tsimikas,,,,,,,Tsimikas,Konstantinos_Tsimikas_242,Kostas Tsimikas
Tuanzebe,Tuanzebe,Axel_Tuanzebe,,,Tuanzebe,Axel_Tuanzebe_481,Tuanzebe,Axel_Tuanzebe_307,Axel Tuanzebe
Tymon,Tymon,Josh_Tymon,,,,,Tymon,,
Ulloa,Ulloa,Leonardo_Ulloa,,,,,Ulloa,,
Under,,,,,,,‹nder,Cengiz_‹nder_541,Cengiz ‹nder
Valdes,,,,,,,Valdes,,
A Valencia,Valencia,Antonio_Valencia,Valencia,Antonio_Valencia_288,,,Valencia,,
E Valencia,,Enner_Valencia,,,,,E Valencia,,
Valery,,,Valery,Yan_Valery_556,Valery,Yan_Valery_306,Valery,Yan_Valery_378,Yan Valery
Vallejo,,,,,Vallejo,Jes√∫s_Vallejo L√°zaro_473,Vallejo,,
van Aanholt,Van Aanholt,Patrick_van Aanholt,Van Aanholt,Patrick_van Aanholt_142,Van Aanholt,Patrick_van Aanholt_123,Van Aanholt,Patrick_van Aanholt_139,Patrick van Aanholt
van de Beek,,,,,,,van de Beek,Donny_van de Beek_495,Donny van de Beek
van der Hoorn,van der Hoorn,Mike_van der Hoorn,,,,,van der Hoorn,,
van Dijk,van Dijk,Virgil_van Dijk,van Dijk,Virgil_van Dijk_246,van Dijk,Virgil_van Dijk_183,van Dijk,Virgil_van Dijk_250,Virgil van Dijk
van La Parra,van La Parra,Rajiv_van La Parra,van La Parra,Rajiv_van La Parra_200,,,van La Parra,,
Vardy,Vardy,Jamie_Vardy,Vardy,Jamie_Vardy_234,Vardy,Jamie_Vardy_166,Vardy,Jamie_Vardy_224,Jamie Vardy
Vassilev,,,,,Vassilev,Indiana_Vassilev_600,Vassilev,Indiana_Vassilev_51,
Veltman,,,,,,,Veltman,JoÎl_Veltman_67,JoÎl Veltman
Vertonghen,Vertonghen,Jan_Vertonghen,Vertonghen,Jan_Vertonghen_355,Vertonghen,Jan_Vertonghen_330,Vertonghen,,
Vestergaard,,,Vestergaard,Jannik_Vestergaard_463,Vestergaard,Jannik_Vestergaard_304,Vestergaard,Jannik_Vestergaard_369,Jannik Vestergaard
Vietto,,,Vietto,Luciano_Vietto_513,,,Vietto,,
Vinagre,,,R˙ben Vinagre,R˙ben GonÁalo_Silva Nascimento Vinagre_431,R˙ben Vinagre,R√∫ben Gon√ßalo_Silva Nascimento Vinagre_406,R˙ben Vinagre,R˙ben GonÁalo_Silva Nascimento Vinagre_471,R˙ben Vinagre
Vinicius,,,,,,,Carlos Vinicius,Carlos Vinicius_Alves Morais_564,Carlos VinÌcius
Virginia,,,,,,,Virginia,,
Vitinha,,,,,,,Vitor Ferreira,Vitor_Ferreira_515,Vitinha
Vlasic,Vlasic,Nikola_Vlasic,,Nikola_Vlasic_173,,,Vlasic,,
Vokes,Vokes,Sam_Vokes,Vokes,Sam_Vokes_84,,,Vokes,,
Vokins,,,,,Vokins,Jake_Vokins_645,Vokins,Jake_Vokins_380,Jake Vokins
Vorm,Vorm,Michel_Vorm,Vorm,Michel_Vorm_352,,Michel_Vorm_555,Vorm,,
Vrancic,,,,,Vrancic,Mario_Vrancic_282,Vrancic,,
Vydra,,,Vydra,Matej_Vydra_495,Vydra,Matej_Vydra_92,Vydra,Matej_Vydra_93,Mat?j Vydra
Wague,WaguÈ,Molla_WaguÈ,,,,,WaguÈ,,
Walcott,Walcott,Theo_Walcott,Walcott,Theo_Walcott_164,Walcott,Theo_Walcott_153,Walcott,Theo_Walcott_148,Theo Walcott
Walker,Walker,Kyle_Walker,Walker,Kyle_Walker_265,Walker,Kyle_Walker_203,Walker (Kyle),Kyle_Walker_270,Kyle Walker
Walker-Peters,Walker-Peters,Kyle_Walker-Peters,Walker-Peters,Kyle_Walker-Peters_358,Walker-Peters,Kyle_Walker-Peters_337,Walker-Peters,Kyle_Walker-Peters_375,Kyle Walker-Peters
Walters,Walters,Jonathan_Walters,,Jonathan_Walters_81,,,Walters,,
Wan-Bissaka,Wan-Bissaka,Aaron_Wan-Bissaka,Wan-Bissaka,Aaron_Wan-Bissaka_145,Wan-Bissaka,Aaron_Wan-Bissaka_122,Wan-Bissaka,Aaron_Wan-Bissaka_313,Aaron Wan-Bissaka
Wanyama,Wanyama,Victor_Wanyama,Wanyama,Victor_Wanyama_366,Wanyama,Victor_Wanyama_348,Wanyama,,
D Ward,,Danny_Ward,Ward (Daniel),Danny_Ward_105,,,Ward (Daniel),Danny_Ward_223,
J Ward,Ward (Joel),Joel_Ward,Ward (Joel),Joel_Ward_441,Ward (Joel),Joel_Ward_126,Ward (Joel),Joel_Ward_134,Joel Ward
S Ward,Ward (Stephen),Stephen_Ward,Ward (Stephen),Stephen_Ward_71,,,Ward (Stephen),,
Ward-Prowse,Ward-Prowse,James_Ward-Prowse,Ward-Prowse,James_Ward-Prowse_338,Ward-Prowse,James_Ward-Prowse_321,Ward-Prowse,James_Ward-Prowse_370,James Ward-Prowse
Wasilewski,,,,,,,Wasilewski,,
Watkins,,,,,,,Watkins,Ollie_Watkins_514,Ollie Watkins
Watmore,,,,,,,Watmore,,
Watson,Watson,Ben_Watson,,,,,Watson,,
C Watts,,,,,,,Watts,Caleb_Watts_636,Caleb Watts
K Watts,,,,Kelland_Watts_622,Watts (Kelland),Kelland_Watts_599,Watts (Kelland),Kelland_Watts_342,
Webster,,,,,Webster,Adam_Webster_493,Webster,Adam_Webster_66,Adam Webster
Welbeck,Welbeck,Danny_Welbeck,Welbeck,Danny_Welbeck_21,Welbeck,Danny_Welbeck_512,Welbeck,Danny_Welbeck_588,Danny Welbeck
Wells,Wells,Nahki_Wells,,Nahki_Wells_86,,,Wells,,
Werner,,,,,,,Werner,Timo_Werner_117,Timo Werner
Wesley,,,,,Wesley,Wesley_Moraes_428,Wesley,,
Westwood,Westwood,Ashley_Westwood,Westwood,Ashley_Westwood_80,Westwood,Ashley_Westwood_101,Westwood,Ashley_Westwood_89,Ashley Westwood
Whelan,,Glenn_Whelan,,,,,Whelan,,
White,,,,Ben_White_559,,,White (Ben),Ben_White_74,Ben White
Whitehead,Whitehead,Dean_Whitehead,,,,,Whitehead,,
Wickham,,Connor_Wickham,Wickham,Connor_Wickham_444,Wickham,Connor_Wickham_130,Wickham,Connor_Wickham_136,
Wijnaldum,Wijnaldum,Georginio_Wijnaldum,Wijnaldum,Georginio_Wijnaldum_252,Wijnaldum,Georginio_Wijnaldum_199,Wijnaldum,Georginio_Wijnaldum_243,Georginio Wijnaldum
Willems,,,,,Willems,Jetro_Willems_498,Willems,,
A Williams,Williams (Ashley),Ashley_Williams,,Ashley_Williams_159,,,Williams (Ashley),,
B Williams,,,,,Williams (Brandon),Brandon_Williams_549,Williams (Brandon),Brandon_Williams_318,Brandon Williams
D Williams,Williams (Danny),Danny_Williams,Williams (Danny),Danny_Williams_204,,,Williams (Danny),,
N Williams,,,,,Williams (Neco),Neco_Williams_575,Williams (Neco),Neco_Williams_264,Neco Williams
R Williams,,,,,,,Rhys Williams,Rhys_Williams_594,Rhys Williams
Willian,Willian,Willian_Borges Da Silva,Willian,Willian_Borges Da Silva_124,Willian,Willian_Borges Da Silva_113,Willian,Willian_Borges Da Silva_478,Willian
Willian Jose,,,,,,,Willian JosÈ,Willian JosÈ_Da Silva_642,Willian JosÈ
Willock,Joe Willock,Joseph_Willock,Joe Willock,Joseph_Willock_566,Joe Willock,Joseph_Willock_490,Joe Willock,Joseph_Willock_20,Joe Willock
Wilmot,,,Wilmot,Ben_Wilmot_544,,,Wilmot,,
Wilshere,Wilshere,Jack_Wilshere,Wilshere,Jack_Wilshere_447,Wilshere,Jack_Wilshere_394,Wilshere,Jack_Wilshere_434,
C Wilson,C Wilson,Callum_Wilson,C Wilson,Callum_Wilson_43,C Wilson,Callum_Wilson_67,C Wilson,Callum_Wilson_506,Callum Wilson
H Wilson,,,,,H Wilson,Harry_Wilson_505,H Wilson,Harry_Wilson_257,
M Wilson,,,,,,,M Wilson,,
Wimmer,Wimmer,Kevin_Wimmer,,,,,Wimmer,,
Winks,Winks,Harry_Winks,Winks,Harry_Winks_368,Winks,Harry_Winks_347,Winks,Harry_Winks_397,Harry Winks
Wollscheid,,,,,,,Wollscheid,,
Wood,Wood,Chris_Wood,Wood,Chris_Wood_87,Wood,Chris_Wood_91,Wood,Chris_Wood_91,Chris Wood
Woodburn,Woodburn,Ben_Woodburn,,,,,Woodburn,,
Worthington,,,,,,,Worthington,,
Xhaka,Xhaka,Granit_Xhaka,Xhaka,Granit_Xhaka_17,Xhaka,Granit_Xhaka_18,Xhaka,Granit_Xhaka_9,Granit Xhaka
Yacob,Yacob,Claudio_Yacob,,,,,Yacob,,
Yarmolenko,,,Yarmolenko,Andriy_Yarmolenko_453,Yarmolenko,Andriy_Yarmolenko_392,Yarmolenko,Andriy_Yarmolenko_436,Andriy Yarmolenko
Yedlin,Yedlin,DeAndre_Yedlin,Yedlin,DeAndre_Yedlin_310,Yedlin,DeAndre_Yedlin_253,Yedlin,DeAndre_Yedlin_335,DeAndre Yedlin
Yokuslu,,,,,,,Yokuslu,Okay_Yokuslu_654,Okay Yoku?lu
Yoshida,Yoshida,Maya_Yoshida,Yoshida,Maya_Yoshida_331,Yoshida,Maya_Yoshida_310,Yoshida,,
Young,Young,Ashley_Young,Young,Ashley_Young_293,Young (Ashley),Ashley_Young_224,Young (Ashley),,
Zabaleta,Zabaleta,Pablo_Zabaleta,Zabaleta,Pablo_Zabaleta_405,Zabaleta,Pablo_Zabaleta_379,Zabaleta,,
Zaha,Zaha,Wilfried_Zaha,Zaha,Wilfried_Zaha_151,Zaha,Wilfried_Zaha_133,Zaha,Wilfried_Zaha_141,Wilfried Zaha
Zanka,Zanka,Mathias_Jorgensen,Zanka,Mathias_Jorgensen_195,,,Zanka,,
Zappacosta,Zappacosta,Davide_Zappacosta,Zappacosta,Davide_Zappacosta_120,,Davide_Zappacosta_109,Zappacosta,,
Zarate,,Mauro_Z·rate,,,,,Zarate,,
Zaza,,,,,,,Zaza,,
Zeegelaar,Zeegelaar,Marvin_Zeegelaar,,Marvin_Zeegelaar_384,,,Zeegelaar,,
Zeqiri,,,,,,,Zeqiri,Andi_Zeqiri_574,Andi Zeqiri
Zieler,,,,,,,Zieler,,
Zimmermann,,,,,Zimmermann,Christoph_Zimmermann_275,Zimmermann,,
Zinchenko,Zinchenko,Oleksandr_Zinchenko,Zinchenko,Oleksandr_Zinchenko_279,Zinchenko,Oleksandr_Zinchenko_206,Zinchenko,Oleksandr_Zinchenko_283,Oleksandr Zinchenko
Zivkovic,,,,,Zivkovic,Richairo_Zivkovic_622,Zivkovic,,
Ziyech,,,,,,,Ziyech,Hakim_Ziyech_114,Hakim Ziyech
Zohore,,,Zohore,Kenneth_Zohore_107,,,Zohore,Kenneth_Zohore_416,
Zouma,Zouma,Kurt_Zouma,Zouma,Kurt_Zouma_526,Zouma,Kurt_Zouma_459,Zouma,Kurt_Zouma_110,Kurt Zouma
Zuniga,,,,,,,Zuniga,,
